session_key,user_pseudo_id,session_start_ts,landing_page_path,session_viewport_bucket,session_viewport_profile,session_viewport_group,country,region,device_category,os,browser
1766310541.1769539027-1769539027,1766310541.176954,2026-01-27 18:37:07.703452 UTC,,,,,Canada,Ontario,desktop,Macintosh,Chrome
1675157078.1769508380-1769508380,1675157078.1769507,2026-01-27 10:06:20.526923 UTC,,,,,Canada,Ontario,mobile,iOS,Safari
954119712.1769507864-1769507864,954119712.1769507,2026-01-27 09:57:44.338723 UTC,,,,,Canada,Ontario,mobile,iOS,Safari
1124376317.1769540077-1769540076,1124376317.176954,2026-01-27 18:54:37.022376 UTC,,,,,Canada,Ontario,desktop,Macintosh,Chrome
1309400224.1769507695-1769507695,1309400224.1769507,2026-01-27 09:54:55.567927 UTC,,,,,Canada,Ontario,mobile,iOS,Safari
133880033.1769516863-1769516863,133880033.17695168,2026-01-27 12:27:44.381649 UTC,,,,,Canada,Ontario,desktop,Macintosh,Chrome
1962672476.1769514774-1769514773,1962672476.1769516,2026-01-27 11:52:53.726970 UTC,/,360-389,,,Canada,Ontario,desktop,Macintosh,Chrome
1845904191.1769208898-1769208898,1845904191.176921,2026-01-23 22:54:58.676430 UTC,/,360-389,,,Canada,Ontario,desktop,Macintosh,Chrome
1562759019.1769170814-1769170814,1562759019.176917,2026-01-23 12:20:14.817100 UTC,/,360-389,,,Canada,Ontario,desktop,Macintosh,Chrome
1300802075.1769507843-1769507843,1300802075.1769507,2026-01-27 09:57:23.620639 UTC,/,360-389,,,Canada,Ontario,mobile,iOS,Safari
398713885.1769184400-1769184400,398713885.1769184,2026-01-23 16:06:40.595911 UTC,/,360-389,,,Canada,Ontario,desktop,Macintosh,Chrome
347552308.1769199718-1769199717,347552308.17692,2026-01-23 20:21:58.018645 UTC,/,360-389,,,Canada,Ontario,desktop,Macintosh,Chrome
1046395272.1769197884-1769197883,1046395272.1769196,2026-01-23 19:51:23.775617 UTC,/,360-389,,,Canada,Ontario,desktop,Macintosh,Chrome
1814144620.1769168665-1769168665,1814144620.1769168,2026-01-23 11:44:26.011181 UTC,/,360-389,,,Canada,Ontario,desktop,Macintosh,Chrome
1120039386.1769181462-1769181461,1120039386.176918,2026-01-23 15:17:42.003252 UTC,/,360-389,,,Canada,Ontario,desktop,Macintosh,Chrome
948761703.1769165573-1769172280,948761703.1769165,2026-01-23 12:44:40.550766 UTC,/,360-389,,,Canada,Ontario,desktop,Macintosh,Chrome
2001789974.1769201243-1769201242,2001789974.17692,2026-01-23 20:47:23.164805 UTC,/,360-389,,,Canada,Ontario,desktop,Macintosh,Chrome
1075094928.1769508263-1769508263,1075094928.1769507,2026-01-27 10:04:23.609519 UTC,/,360-389,,,Canada,Ontario,mobile,iOS,Safari
2068083092.1769170352-1769170352,2068083092.1769168,2026-01-23 12:12:32.795816 UTC,/,360-389,,,Canada,Ontario,desktop,Macintosh,Chrome
1004403790.1769166001-1769166000,1004403790.1769166,2026-01-23 11:00:01.149215 UTC,/,360-389,,,Canada,Ontario,desktop,Macintosh,Chrome
923695403.1769185423-1769185422,923695403.1769184,2026-01-23 16:23:43.072179 UTC,/,360-389,,,Canada,Ontario,desktop,Macintosh,Chrome
385373288.1769180796-1769180796,385373288.1769181,2026-01-23 15:06:36.417927 UTC,/,360-389,,,Canada,Ontario,desktop,Macintosh,Chrome
1796508428.1769206974-1769206974,1796508428.1769207,2026-01-23 22:22:54.749384 UTC,/,360-389,,,Canada,Ontario,desktop,Macintosh,Chrome
2081279388.1769508371-1769508371,2081279388.1769507,2026-01-27 10:06:11.380076 UTC,/,360-389,,,Canada,Ontario,mobile,iOS,Safari
1998566917.1769512687-1769512687,1998566917.1769512,2026-01-27 11:18:07.446263 UTC,/,360-389,,,Canada,Ontario,desktop,Macintosh,Chrome
97929901.1769186514-1769186514,97929901.17691864,2026-01-23 16:41:54.365794 UTC,/,360-389,,,Canada,Ontario,desktop,Macintosh,Chrome
1927887119.1769214377-1769214377,1927887119.1769211,2026-01-24 00:26:17.573252 UTC,/,360-389,,,Canada,Ontario,desktop,Macintosh,Chrome
537799027.1769165566-1769186816,537799027.1769166,2026-01-23 16:46:56.797490 UTC,/,360-389,,,Canada,Ontario,desktop,Macintosh,Chrome
507610177.1769168117-1769168117,507610177.1769168,2026-01-23 11:35:17.912429 UTC,/,360-389,,,Canada,Ontario,desktop,Macintosh,Chrome
26821925.1769207227-1769207226,26821925.17692072,2026-01-23 22:27:07.248747 UTC,/,360-389,,,Canada,Ontario,desktop,Macintosh,Chrome
282387231.1769516271-1769516271,282387231.1769516,2026-01-27 12:17:51.772414 UTC,/,360-389,,,Canada,Ontario,desktop,Macintosh,Chrome
270537567.1769205606-1769205606,270537567.17692053,2026-01-23 22:00:06.419169 UTC,/,360-389,,,Canada,Ontario,desktop,Macintosh,Chrome
1586855550.1769516643-1769516643,1586855550.1769516,2026-01-27 12:24:03.469967 UTC,/,360-389,,,Canada,Ontario,desktop,Macintosh,Chrome
1298042921.1769168295-1769168295,1298042921.1769168,2026-01-23 11:38:16.026125 UTC,/,360-389,,,Canada,Ontario,desktop,Macintosh,Chrome
934931803.1769508822-1769508821,934931803.1769507,2026-01-27 10:13:42.201726 UTC,/,360-389,,,Canada,Ontario,mobile,iOS,Safari
659035969.1769198769-1769198769,659035969.1769199,2026-01-23 20:06:09.327914 UTC,/,360-389,,,Canada,Ontario,desktop,Macintosh,Chrome
103594509.1769168107-1769168107,103594509.1769168,2026-01-23 11:35:07.589209 UTC,/,360-389,,,Canada,Ontario,desktop,Macintosh,Chrome
1785798662.1769508759-1769508758,1785798662.1769507,2026-01-27 10:12:39.146196 UTC,/,360-389,,,Canada,Ontario,mobile,iOS,Safari
1188469965.1769168940-1769168940,1188469965.1769168,2026-01-23 11:49:01.087468 UTC,/,360-389,,,Canada,Ontario,desktop,Macintosh,Chrome
490892911.1769199307-1769199307,490892911.17691994,2026-01-23 20:15:10.492375 UTC,/,360-389,,,Canada,Ontario,desktop,Macintosh,Chrome
776653886.1769507229-1769507228,776653886.1769507,2026-01-27 09:47:09.393980 UTC,/,360-389,,,Canada,Ontario,mobile,iOS,Safari
2027681536.1769200124-1769202629,2027681536.17692,2026-01-23 21:10:30.079375 UTC,/,360-389,,,Canada,Ontario,desktop,Macintosh,Chrome
834059000.1769212015-1769212014,834059000.1769212,2026-01-23 23:46:55.184637 UTC,/,360-389,,,Canada,Ontario,desktop,Macintosh,Chrome
1594489459.1769512712-1769512711,1594489459.1769512,2026-01-27 11:18:31.797789 UTC,/,360-389,,,Canada,Ontario,desktop,Macintosh,Chrome
2015953620.1769162566-1769162566,2015953620.176916,2026-01-23 10:02:46.578769 UTC,/,360-389,,,Canada,Ontario,desktop,Macintosh,Chrome
21337088.1769507690-1769507690,21337088.176950768,2026-01-27 09:54:50.585698 UTC,/,360-389,,,Canada,Ontario,mobile,iOS,Safari
387507822.1769507658-1769507657,387507822.1769508,2026-01-27 09:54:18.141553 UTC,/,360-389,,,Canada,Ontario,mobile,iOS,Safari
1088112219.1769511362-1769511362,1088112219.1769512,2026-01-27 10:56:02.575466 UTC,/,360-389,,,Canada,Ontario,desktop,Macintosh,Chrome
534498598.1769508960-1769508959,534498598.1769509,2026-01-27 10:16:00.047741 UTC,/,360-389,,,Canada,Ontario,mobile,iOS,Safari
2027681536.1769200124-1769200123,2027681536.17692,2026-01-23 20:28:43.918104 UTC,/,360-389,,,Canada,Ontario,desktop,Macintosh,Chrome
875031723.1769512414-1769512413,875031723.1769512,2026-01-27 11:13:33.792959 UTC,/,360-389,,,Canada,Ontario,desktop,Macintosh,Chrome
1624387427.1769167275-1769167275,1624387427.1769168,2026-01-23 11:21:15.636967 UTC,/,360-389,,,Canada,Ontario,desktop,Macintosh,Chrome
1460401288.1769508897-1769508896,1460401288.1769507,2026-01-27 10:14:57.061150 UTC,/,360-389,,,Canada,Ontario,mobile,iOS,Safari
1537837809.1769203851-1769203851,1537837809.1769204,2026-01-23 21:30:51.439555 UTC,/,360-389,,,Canada,Ontario,desktop,Macintosh,Chrome
707859447.1769171167-1769171166,707859447.1769171,2026-01-23 12:26:07.093547 UTC,/,360-389,,,Canada,Ontario,desktop,Macintosh,Chrome
193495037.1769179307-1769179307,193495037.17691797,2026-01-23 14:41:47.369957 UTC,/,360-389,,,Canada,Ontario,desktop,Macintosh,Chrome
1644243615.1769512529-1769512528,1644243615.1769512,2026-01-27 11:15:28.787743 UTC,/,360-389,,,Canada,Ontario,desktop,Macintosh,Chrome
1099113293.1769168740-1769168739,1099113293.1769168,2026-01-23 11:45:40.146492 UTC,/,360-389,,,Canada,Ontario,desktop,Macintosh,Chrome
724085917.1769183237-1769183237,724085917.1769183,2026-01-23 15:47:17.590313 UTC,/,360-389,,,Canada,Ontario,desktop,Macintosh,Chrome
40508920.1769211681-1769211681,40508920.17692117,2026-01-23 23:41:21.684746 UTC,/,360-389,,,Canada,Ontario,desktop,Macintosh,Chrome
365592746.1769508924-1769508923,365592746.1769509,2026-01-27 10:15:23.706246 UTC,/,360-389,,,Canada,Ontario,mobile,iOS,Safari
1184410943.1769512721-1769512721,1184410943.1769512,2026-01-27 11:18:41.427452 UTC,/,360-389,,,Canada,Ontario,desktop,Macintosh,Chrome
662236306.1769165374-1769165374,662236306.1769165,2026-01-23 10:49:34.197478 UTC,/,360-389,,,Canada,Ontario,desktop,Macintosh,Chrome
1971701822.1769209922-1769209922,1971701822.176921,2026-01-23 23:12:02.399736 UTC,/,360-389,,,Canada,Ontario,desktop,Macintosh,Chrome
670766375.1769169448-1769169448,670766375.176917,2026-01-23 11:57:28.655800 UTC,/,360-389,,,Canada,Ontario,desktop,Macintosh,Chrome
288757931.1769507235-1769507234,288757931.1769507,2026-01-27 09:47:14.786518 UTC,/,360-389,,,Canada,Ontario,mobile,iOS,Safari
1029378755.1769200155-1769200154,1029378755.17692,2026-01-23 20:29:14.954488 UTC,/,360-389,,,Canada,Ontario,desktop,Macintosh,Chrome
1992477575.1769516349-1769516349,1992477575.176952,2026-01-27 12:19:09.748376 UTC,/,360-389,,,Canada,Ontario,desktop,Macintosh,Chrome
1501042373.1769212908-1769212908,1501042373.1769211,2026-01-24 00:01:48.330106 UTC,/,360-389,,,Canada,Ontario,desktop,Macintosh,Chrome
1259028153.1769165686-1769165685,1259028153.1769164,2026-01-23 10:54:46.400375 UTC,/,360-389,,,Canada,Ontario,desktop,Macintosh,Chrome
1756980020.1769202175-1769202175,1756980020.1769202,2026-01-23 21:02:55.603978 UTC,/,360-389,,,Canada,Ontario,desktop,Macintosh,Chrome
106487147.1769508787-1769508786,106487147.17695089,2026-01-27 10:13:06.836735 UTC,/,360-389,,,Canada,Ontario,mobile,iOS,Safari
845447119.1769186059-1769186058,845447119.1769185,2026-01-23 16:34:19.270164 UTC,/,360-389,,,Canada,Ontario,desktop,Macintosh,Chrome
849455741.1769165557-1769165556,849455741.1769165,2026-01-23 10:52:37.093045 UTC,/,360-389,,,Canada,Ontario,desktop,Macintosh,Chrome
799837162.1769511385-1769511384,799837162.176951,2026-01-27 10:56:25.142297 UTC,/,360-389,,,Canada,Ontario,desktop,Macintosh,Chrome
592528658.1769202258-1769202257,592528658.1769202,2026-01-23 21:04:18.135737 UTC,/,360-389,,,Canada,Ontario,desktop,Macintosh,Chrome
1811047097.1769168176-1769168175,1811047097.1769168,2026-01-23 11:36:16.495134 UTC,/,360-389,,,Canada,Ontario,desktop,Macintosh,Chrome
1887161295.1769168235-1769168234,1887161295.1769168,2026-01-23 11:37:15.397139 UTC,/,360-389,,,Canada,Ontario,desktop,Macintosh,Chrome
580447598.1769508493-1769508492,580447598.1769509,2026-01-27 10:08:12.828425 UTC,/,360-389,,,Canada,Ontario,mobile,iOS,Safari
415816836.1769508804-1769508804,415816836.1769509,2026-01-27 10:13:24.235724 UTC,/,360-389,,,Canada,Ontario,mobile,iOS,Safari
1379825503.1769174699-1769174699,1379825503.1769173,2026-01-23 13:24:59.538087 UTC,/,360-389,,,Canada,Ontario,desktop,Macintosh,Chrome
63638929.1769214184-1769214183,63638929.17692141,2026-01-24 00:23:03.906737 UTC,/,360-389,,,Canada,Ontario,desktop,Macintosh,Chrome
35046679.1769506869-1769506869,35046679.176950686,2026-01-27 09:41:09.641501 UTC,/,360-389,,,Canada,Ontario,mobile,iOS,Safari
812245610.1769183039-1769183038,812245610.1769183,2026-01-23 15:43:58.895679 UTC,/,360-389,,,Canada,Ontario,desktop,Macintosh,Chrome
86056143.1769507302-1769507302,86056143.17695074,2026-01-27 09:48:22.346674 UTC,/,360-389,,,Canada,Ontario,mobile,iOS,Safari
1304283399.1769515291-1769515290,1304283399.1769516,2026-01-27 12:01:32.080442 UTC,/,360-389,,,Canada,Ontario,desktop,Macintosh,Chrome
1395961630.1769206920-1769206920,1395961630.1769207,2026-01-23 22:22:00.646398 UTC,/,360-389,,,Canada,Ontario,desktop,Macintosh,Chrome
1625374912.1769175024-1769175024,1625374912.1769176,2026-01-23 13:30:24.578336 UTC,/,360-389,,,Canada,Ontario,desktop,Macintosh,Chrome
1881822335.1769200143-1769200142,1881822335.17692,2026-01-23 20:29:02.967908 UTC,/,360-389,,,Canada,Ontario,desktop,Macintosh,Chrome
758118618.1769203843-1769203842,758118618.1769203,2026-01-23 21:30:43.090211 UTC,/,360-389,,,Canada,Ontario,desktop,Macintosh,Chrome
1545506487.1769198091-1769198090,1545506487.1769197,2026-01-23 19:54:50.943370 UTC,/,360-389,,,Canada,Ontario,desktop,Macintosh,Chrome
1429740582.1769171113-1769171113,1429740582.1769173,2026-01-23 12:25:13.462594 UTC,/,360-389,,,Canada,Ontario,desktop,Macintosh,Chrome
1018615159.1769168350-1769168350,1018615159.1769168,2026-01-23 11:39:10.856980 UTC,/,360-389,,,Canada,Ontario,desktop,Macintosh,Chrome
1124931991.1769182051-1769182051,1124931991.1769183,2026-01-23 15:27:31.390682 UTC,/,360-389,,,Canada,Ontario,desktop,Macintosh,Chrome
2060358614.1769200157-1769200156,2060358614.17692,2026-01-23 20:29:17.116158 UTC,/,360-389,,,Canada,Ontario,desktop,Macintosh,Chrome
1640773815.1769183637-1769183636,1640773815.1769185,2026-01-23 15:53:56.963750 UTC,/,360-389,,,Canada,Ontario,desktop,Macintosh,Chrome
251513385.1769209474-1769209474,251513385.17692092,2026-01-23 23:04:34.626261 UTC,/,360-389,,,Canada,Ontario,desktop,Macintosh,Chrome
590867851.1769165527-1769165526,590867851.1769166,2026-01-23 10:52:07.334046 UTC,/,360-389,,,Canada,Ontario,desktop,Macintosh,Chrome
1149858911.1769512734-1769512733,1149858911.1769512,2026-01-27 11:18:54.097816 UTC,/,360-389,,,Canada,Ontario,desktop,Macintosh,Chrome
810501218.1769543868-1769543868,810501218.1769543,2026-01-27 19:57:48.442002 UTC,/,360-389,360x800,mobile,Canada,Ontario,desktop,Macintosh,Chrome
1641461007.1769517770-1769546841,1641461007.1769516,2026-01-27 20:47:21.917568 UTC,/,360-389,360x800,mobile,Canada,Ontario,desktop,Macintosh,Chrome
1826593798.1769544600-1769544599,1826593798.1769545,2026-01-27 20:10:00.023024 UTC,/,360-389,360x800,mobile,Canada,Ontario,desktop,Macintosh,Chrome
682331395.1769517769-1769517768,682331395.1769518,2026-01-27 12:42:48.755401 UTC,/,360-389,360x800,mobile,Canada,Ontario,desktop,Macintosh,Chrome
636782950.1769524597-1769524597,636782950.1769525,2026-01-27 14:36:37.354553 UTC,/,360-389,360x800,mobile,Canada,Ontario,desktop,Macintosh,Chrome
1861498665.1769544262-1769544262,1861498665.1769545,2026-01-27 20:04:22.471843 UTC,/,360-389,360x800,mobile,Canada,Ontario,desktop,Macintosh,Chrome
748293890.1769540710-1769540709,748293890.1769539,2026-01-27 19:05:10.063679 UTC,/,360-389,360x800,mobile,Canada,Ontario,desktop,Macintosh,Chrome
1736136568.1769547602-1769547602,1736136568.1769547,2026-01-27 21:00:02.482732 UTC,/,360-389,360x800,mobile,Canada,Ontario,desktop,Macintosh,Chrome
2013144899.1769517745-1769530399,2013144899.176952,2026-01-27 16:13:20.238854 UTC,/,360-389,360x800,mobile,Canada,Ontario,desktop,Macintosh,Chrome
257858935.1769518940-1769518939,257858935.1769519,2026-01-27 13:02:20.084643 UTC,/,360-389,360x800,mobile,Canada,Ontario,desktop,Macintosh,Chrome
1712912575.1769517746-1769525271,1712912575.1769516,2026-01-27 14:47:52.086015 UTC,/,360-389,360x800,mobile,Canada,Ontario,desktop,Macintosh,Chrome
861324871.1769521748-1769521748,861324871.1769521,2026-01-27 13:49:08.683054 UTC,/,360-389,360x800,mobile,Canada,Ontario,desktop,Macintosh,Chrome
682331395.1769517769-1769525570,682331395.1769518,2026-01-27 14:52:50.621111 UTC,/,360-389,360x800,mobile,Canada,Ontario,desktop,Macintosh,Chrome
653098881.1769534801-1769534800,653098881.1769536,2026-01-27 17:26:41.269631 UTC,/,360-389,360x800,mobile,Canada,Ontario,desktop,Macintosh,Chrome
7172169.1769550266-1769550266,7172169.176955027,2026-01-27 21:44:26.589545 UTC,/,360-389,360x800,mobile,Canada,Ontario,desktop,Macintosh,Chrome
2095185961.1769520124-1769520123,2095185961.176952,2026-01-27 13:22:04.016441 UTC,/,360-389,360x800,mobile,Canada,Ontario,desktop,Macintosh,Chrome
643054862.1769535444-1769535444,643054862.1769536,2026-01-27 17:37:24.390776 UTC,/,360-389,360x800,mobile,Canada,Ontario,desktop,Macintosh,Chrome
603438676.1769540899-1769540899,603438676.176954,2026-01-27 19:08:19.416476 UTC,/,360-389,360x800,mobile,Canada,Ontario,desktop,Macintosh,Chrome
1090982170.1769524134-1769524134,1090982170.1769524,2026-01-27 14:28:54.398396 UTC,/,360-389,360x800,mobile,Canada,Ontario,desktop,Macintosh,Chrome
183948623.1769519629-1769519628,183948623.176952,2026-01-27 13:13:48.666933 UTC,/,360-389,360x800,mobile,Canada,Ontario,desktop,Macintosh,Chrome
2124917906.1769540352-1769540351,2124917906.176954,2026-01-27 18:59:11.812871 UTC,/,360-389,360x800,mobile,Canada,Ontario,desktop,Macintosh,Chrome
325227107.1769528163-1769528162,325227107.1769528,2026-01-27 15:36:03.163422 UTC,/,360-389,360x800,mobile,Canada,Ontario,desktop,Macintosh,Chrome
1491998450.1769535043-1769535043,1491998450.1769536,2026-01-27 17:30:43.807878 UTC,/,360-389,360x800,mobile,Canada,Ontario,desktop,Macintosh,Chrome
2013144899.1769517745-1769541640,2013144899.176952,2026-01-27 19:20:40.591590 UTC,/,360-389,360x800,mobile,Canada,Ontario,desktop,Macintosh,Chrome
947964288.1769544368-1769544368,947964288.1769544,2026-01-27 20:06:08.697064 UTC,/,360-389,360x800,mobile,Canada,Ontario,desktop,Macintosh,Chrome
2011033922.1769526524-1769526524,2011033922.1769528,2026-01-27 15:08:44.548763 UTC,/,360-389,360x800,mobile,Canada,Ontario,desktop,Macintosh,Chrome
324885806.1769541203-1769541203,324885806.1769541,2026-01-27 19:13:23.723736 UTC,/,360-389,360x800,mobile,Canada,Ontario,desktop,Macintosh,Chrome
85589789.1769540684-1769540683,85589789.17695408,2026-01-27 19:04:44.230120 UTC,/,360-389,360x800,mobile,Canada,Ontario,desktop,Macintosh,Chrome
1864510048.1769527338-1769527338,1864510048.1769528,2026-01-27 15:22:18.391267 UTC,/,360-389,360x800,mobile,Canada,Ontario,desktop,Macintosh,Chrome
689195262.1769543582-1769543582,689195262.1769544,2026-01-27 19:53:02.412696 UTC,/,360-389,360x800,mobile,Canada,Ontario,desktop,Macintosh,Chrome
951220049.1769533218-1769533218,951220049.1769533,2026-01-27 17:00:18.632807 UTC,/,360-389,360x800,mobile,Canada,Ontario,desktop,Macintosh,Chrome
1712912575.1769517746-1769535226,1712912575.1769516,2026-01-27 17:33:47.269790 UTC,/,360-389,360x800,mobile,Canada,Ontario,desktop,Macintosh,Chrome
43482501.1769517775-1769546911,43482501.17695177,2026-01-27 20:48:32.058498 UTC,/,360-389,360x800,mobile,Canada,Ontario,desktop,Macintosh,Chrome
2013144899.1769517745-1769517744,2013144899.176952,2026-01-27 12:42:25.055730 UTC,/,360-389,360x800,mobile,Canada,Ontario,desktop,Macintosh,Chrome
682331395.1769517769-1769551571,682331395.1769518,2026-01-27 22:06:11.815436 UTC,/,360-389,360x800,mobile,Canada,Ontario,desktop,Macintosh,Chrome
1684899507.1769511500-1769511500,1684899507.1769512,2026-01-27 10:58:20.473513 UTC,/,390-429,,,Canada,Ontario,desktop,Macintosh,Chrome
1992362369.1769165373-1769165372,1992362369.1769164,2026-01-23 10:49:32.713603 UTC,/,390-429,,,Canada,Ontario,desktop,Macintosh,Chrome
499955163.1769175380-1769175379,499955163.1769175,2026-01-23 13:36:19.938721 UTC,/,390-429,,,Canada,Ontario,desktop,Macintosh,Chrome
1045029180.1769511972-1769511972,1045029180.1769512,2026-01-27 11:06:12.750644 UTC,/,390-429,,,Canada,Ontario,desktop,Macintosh,Chrome
1242803859.1769185770-1769185769,1242803859.1769185,2026-01-23 16:29:29.936592 UTC,/,390-429,,,Canada,Ontario,desktop,Macintosh,Chrome
101733670.1769511368-1769511368,101733670.17695113,2026-01-27 10:56:08.380117 UTC,/,390-429,,,Canada,Ontario,desktop,Macintosh,Chrome
1284356600.1769516386-1769516385,1284356600.1769516,2026-01-27 12:19:45.847029 UTC,/,390-429,,,Canada,Ontario,desktop,Macintosh,Chrome
30762188.1769181388-1769181387,30762188.176918138,2026-01-23 15:16:27.789650 UTC,/,390-429,,,Canada,Ontario,desktop,Macintosh,Chrome
590867851.1769165527-1769175486,590867851.1769166,2026-01-23 13:38:07.143101 UTC,/,390-429,,,Canada,Ontario,desktop,Macintosh,Chrome
2120744247.1769186192-1769186192,2120744247.1769185,2026-01-23 16:36:32.736528 UTC,/,390-429,,,Canada,Ontario,desktop,Macintosh,Chrome
1790484555.1769174384-1769174383,1790484555.1769173,2026-01-23 13:19:44.110846 UTC,/,390-429,,,Canada,Ontario,desktop,Macintosh,Chrome
1437664976.1769185976-1769185976,1437664976.1769185,2026-01-23 16:32:56.754516 UTC,/,390-429,,,Canada,Ontario,desktop,Macintosh,Chrome
614655545.1769202657-1769202656,614655545.1769203,2026-01-23 21:10:56.737630 UTC,/,390-429,,,Canada,Ontario,desktop,Macintosh,Chrome
1537837809.1769203851-1769208507,1537837809.1769204,2026-01-23 22:48:27.350828 UTC,/,390-429,,,Canada,Ontario,desktop,Macintosh,Chrome
532608154.1769512699-1769512698,532608154.1769513,2026-01-27 11:18:19.059719 UTC,/,390-429,,,Canada,Ontario,desktop,Macintosh,Chrome
880356840.1769185739-1769185738,880356840.1769185,2026-01-23 16:28:59.031764 UTC,/,390-429,,,Canada,Ontario,desktop,Macintosh,Chrome
610073625.1769172770-1769172769,610073625.1769173,2026-01-23 12:52:50.050702 UTC,/,390-429,,,Canada,Ontario,desktop,Macintosh,Chrome
540495180.1769516440-1769516439,540495180.1769516,2026-01-27 12:20:41.150601 UTC,/,390-429,,,Canada,Ontario,desktop,Macintosh,Chrome
2066855779.1769200531-1769200530,2066855779.17692,2026-01-23 20:35:31.053118 UTC,/,390-429,,,Canada,Ontario,desktop,Macintosh,Chrome
359938656.1769516221-1769516220,359938656.1769516,2026-01-27 12:17:01.019087 UTC,/,390-429,,,Canada,Ontario,desktop,Macintosh,Chrome
1720421834.1769508359-1769508358,1720421834.1769507,2026-01-27 10:05:59.187782 UTC,/,390-429,,,Canada,Ontario,mobile,iOS,Safari
1607203985.1769507454-1769507453,1607203985.1769507,2026-01-27 09:50:54.150359 UTC,/,390-429,,,Canada,Ontario,mobile,iOS,Safari
975547032.1769203840-1769207001,975547032.1769203,2026-01-23 22:23:22.149399 UTC,/,390-429,,,Canada,Ontario,desktop,Macintosh,Chrome
1505254910.1769511785-1769511785,1505254910.1769512,2026-01-27 11:03:05.221520 UTC,/,390-429,,,Canada,Ontario,desktop,Macintosh,Chrome
832789130.1769516805-1769516804,832789130.1769516,2026-01-27 12:26:44.748384 UTC,/,390-429,,,Canada,Ontario,desktop,Macintosh,Chrome
1560101265.1769509294-1769509293,1560101265.1769507,2026-01-27 10:21:34.087651 UTC,/,390-429,,,Canada,Ontario,mobile,iOS,Safari
1559913022.1769508747-1769508746,1559913022.1769507,2026-01-27 10:12:26.701665 UTC,/,390-429,,,Canada,Ontario,mobile,iOS,Safari
1818681727.1769514737-1769514737,1818681727.1769516,2026-01-27 11:52:17.404668 UTC,/,390-429,,,Canada,Ontario,desktop,Macintosh,Chrome
1683576408.1769207586-1769207585,1683576408.176921,2026-01-23 22:33:06.168918 UTC,/,390-429,,,Canada,Ontario,desktop,Macintosh,Chrome
547173050.1769177150-1769177149,547173050.1769177,2026-01-23 14:05:49.802089 UTC,/,390-429,,,Canada,Ontario,desktop,Macintosh,Chrome
1216079005.1769201953-1769201952,1216079005.17692,2026-01-23 20:59:12.793889 UTC,/,390-429,,,Canada,Ontario,desktop,Macintosh,Chrome
483273120.1769167119-1769167118,483273120.1769167,2026-01-23 11:18:39.301633 UTC,/,390-429,,,Canada,Ontario,desktop,Macintosh,Chrome
774407687.1769172130-1769172130,774407687.1769171,2026-01-23 12:42:10.420895 UTC,/,390-429,,,Canada,Ontario,desktop,Macintosh,Chrome
98452730.1769202665-1769202664,98452730.17692025,2026-01-23 21:11:04.890705 UTC,/,390-429,,,Canada,Ontario,desktop,Macintosh,Chrome
1916806490.1769164388-1769164388,1916806490.1769164,2026-01-23 10:33:08.475457 UTC,/,390-429,,,Canada,Ontario,desktop,Macintosh,Chrome
1688742445.1769516541-1769516541,1688742445.1769516,2026-01-27 12:22:21.300190 UTC,/,390-429,,,Canada,Ontario,desktop,Macintosh,Chrome
1840244668.1769169397-1769169397,1840244668.1769168,2026-01-23 11:56:37.707868 UTC,/,390-429,,,Canada,Ontario,desktop,Macintosh,Chrome
620403862.1769203840-1769203840,620403862.1769204,2026-01-23 21:30:40.627061 UTC,/,390-429,,,Canada,Ontario,desktop,Macintosh,Chrome
1066735487.1769214475-1769214475,1066735487.1769214,2026-01-24 00:27:55.746300 UTC,/,390-429,,,Canada,Ontario,desktop,Macintosh,Chrome
855224055.1769515841-1769515841,855224055.1769516,2026-01-27 12:10:41.302029 UTC,/,390-429,,,Canada,Ontario,desktop,Macintosh,Chrome
1865672725.1769516246-1769516245,1865672725.176952,2026-01-27 12:17:25.612666 UTC,/,390-429,,,Canada,Ontario,desktop,Macintosh,Chrome
162559918.1769199313-1769199313,162559918.1769199,2026-01-23 20:15:13.556694 UTC,/,390-429,,,Canada,Ontario,desktop,Macintosh,Chrome
1600735013.1769200364-1769200363,1600735013.17692,2026-01-23 20:32:43.810207 UTC,/,390-429,,,Canada,Ontario,desktop,Macintosh,Chrome
620403862.1769203840-1769212995,620403862.1769204,2026-01-24 00:03:15.539997 UTC,/,390-429,,,Canada,Ontario,desktop,Macintosh,Chrome
11929843.1769511643-1769511642,11929843.176951164,2026-01-27 11:00:43.049717 UTC,/,390-429,,,Canada,Ontario,desktop,Macintosh,Chrome
139065941.1769173090-1769173090,139065941.1769173,2026-01-23 12:58:10.417974 UTC,/,390-429,,,Canada,Ontario,desktop,Macintosh,Chrome
601004850.1769206924-1769206923,601004850.1769208,2026-01-23 22:22:03.933747 UTC,/,390-429,,,Canada,Ontario,desktop,Macintosh,Chrome
1702190546.1769516824-1769516824,1702190546.1769516,2026-01-27 12:27:04.210890 UTC,/,390-429,,,Canada,Ontario,desktop,Macintosh,Chrome
1322417292.1769172947-1769172947,1322417292.1769173,2026-01-23 12:55:47.604505 UTC,/,390-429,,,Canada,Ontario,desktop,Macintosh,Chrome
1766790096.1769211416-1769211416,1766790096.1769211,2026-01-23 23:36:56.595077 UTC,/,390-429,,,Canada,Ontario,desktop,Macintosh,Chrome
1809031705.1769508911-1769508911,1809031705.1769507,2026-01-27 10:15:11.422991 UTC,/,390-429,,,Canada,Ontario,mobile,iOS,Safari
833804935.1769178723-1769178722,833804935.1769178,2026-01-23 14:32:02.700722 UTC,/,390-429,,,Canada,Ontario,desktop,Macintosh,Chrome
2080958314.1769515836-1769515835,2080958314.1769516,2026-01-27 12:10:35.619782 UTC,/,390-429,,,Canada,Ontario,desktop,Macintosh,Chrome
1294366171.1769183750-1769183749,1294366171.1769185,2026-01-23 15:55:50.140567 UTC,/,390-429,,,Canada,Ontario,desktop,Macintosh,Chrome
620403862.1769203840-1769208792,620403862.1769204,2026-01-23 22:53:12.767838 UTC,/,390-429,,,Canada,Ontario,desktop,Macintosh,Chrome
392914853.1769516485-1769516485,392914853.1769517,2026-01-27 12:21:25.453167 UTC,/,390-429,,,Canada,Ontario,desktop,Macintosh,Chrome
822196831.1769509321-1769509321,822196831.1769509,2026-01-27 10:22:01.253098 UTC,/,390-429,,,Canada,Ontario,mobile,iOS,Safari
1281331071.1769511370-1769511369,1281331071.1769512,2026-01-27 10:56:10.164000 UTC,/,390-429,,,Canada,Ontario,desktop,Macintosh,Chrome
1169647886.1769511791-1769511791,1169647886.1769512,2026-01-27 11:03:11.390483 UTC,/,390-429,,,Canada,Ontario,desktop,Macintosh,Chrome
523090639.1769514758-1769514757,523090639.17695147,2026-01-27 11:52:38.016834 UTC,/,390-429,,,Canada,Ontario,desktop,Macintosh,Chrome
1183038321.1769514766-1769514765,1183038321.1769514,2026-01-27 11:52:46.139344 UTC,/,390-429,,,Canada,Ontario,desktop,Macintosh,Chrome
429251925.1769179523-1769179522,429251925.176918,2026-01-23 14:45:23.181436 UTC,/,390-429,,,Canada,Ontario,desktop,Macintosh,Chrome
134315681.1769177647-1769177647,134315681.17691776,2026-01-23 14:14:07.270110 UTC,/,390-429,,,Canada,Ontario,desktop,Macintosh,Chrome
223172196.1769168758-1769168757,223172196.17691687,2026-01-23 11:45:58.528639 UTC,/,390-429,,,Canada,Ontario,desktop,Macintosh,Chrome
642954573.1769182120-1769182119,642954573.1769183,2026-01-23 15:28:40.088114 UTC,/,390-429,,,Canada,Ontario,desktop,Macintosh,Chrome
929428978.1769507577-1769507576,929428978.1769507,2026-01-27 09:52:56.818266 UTC,/,390-429,,,Canada,Ontario,mobile,iOS,Safari
786623858.1769213403-1769213402,786623858.1769212,2026-01-24 00:10:02.843199 UTC,/,390-429,,,Canada,Ontario,desktop,Macintosh,Chrome
491198533.1769200912-1769200911,491198533.17692006,2026-01-23 20:41:52.058928 UTC,/,390-429,,,Canada,Ontario,desktop,Macintosh,Chrome
1809001026.1769214157-1769214156,1809001026.1769211,2026-01-24 00:22:37.134722 UTC,/,390-429,,,Canada,Ontario,desktop,Macintosh,Chrome
957679552.1769512415-1769512414,957679552.1769512,2026-01-27 11:13:34.678754 UTC,/,390-429,,,Canada,Ontario,desktop,Macintosh,Chrome
975547032.1769203840-1769203839,975547032.1769203,2026-01-23 21:30:40.122740 UTC,/,390-429,,,Canada,Ontario,desktop,Macintosh,Chrome
758118618.1769203843-1769208390,758118618.1769203,2026-01-23 22:46:30.929141 UTC,/,390-429,,,Canada,Ontario,desktop,Macintosh,Chrome
1855265400.1769514817-1769514816,1855265400.1769516,2026-01-27 11:53:41.315625 UTC,/,390-429,,,Canada,Ontario,desktop,Macintosh,Chrome
1050857387.1769205595-1769205594,1050857387.1769204,2026-01-23 21:59:54.849514 UTC,/,390-429,,,Canada,Ontario,desktop,Macintosh,Chrome
1903689640.1769205563-1769205563,1903689640.1769204,2026-01-23 21:59:23.446306 UTC,/,390-429,,,Canada,Ontario,desktop,Macintosh,Chrome
2057956486.1769182224-1769182223,2057956486.1769185,2026-01-23 15:30:23.865731 UTC,/,390-429,,,Canada,Ontario,desktop,Macintosh,Chrome
102917158.1769185519-1769185518,102917158.17691857,2026-01-23 16:25:19.153501 UTC,/,390-429,,,Canada,Ontario,desktop,Macintosh,Chrome
62134012.1769508640-1769508640,62134012.176950864,2026-01-27 10:10:40.457142 UTC,/,390-429,,,Canada,Ontario,mobile,iOS,Safari
244037625.1769507230-1769507229,244037625.17695072,2026-01-27 09:47:09.819477 UTC,/,390-429,,,Canada,Ontario,mobile,iOS,Safari
1821745622.1769169325-1769169325,1821745622.1769168,2026-01-23 11:55:25.850458 UTC,/,390-429,,,Canada,Ontario,desktop,Macintosh,Chrome
849455741.1769165557-1769170698,849455741.1769165,2026-01-23 12:18:18.927196 UTC,/,390-429,,,Canada,Ontario,desktop,Macintosh,Chrome
693025904.1769199742-1769199742,693025904.17692,2026-01-23 20:22:22.520141 UTC,/,390-429,,,Canada,Ontario,desktop,Macintosh,Chrome
2064143689.1769205081-1769205080,2064143689.1769204,2026-01-23 21:51:21.046596 UTC,/,390-429,,,Canada,Ontario,desktop,Macintosh,Chrome
537799027.1769165566-1769168879,537799027.1769166,2026-01-23 11:47:59.827935 UTC,/,390-429,,,Canada,Ontario,desktop,Macintosh,Chrome
1474317983.1769200183-1769200182,1474317983.17692,2026-01-23 20:29:42.974865 UTC,/,390-429,,,Canada,Ontario,desktop,Macintosh,Chrome
1982351360.1769179218-1769179217,1982351360.1769176,2026-01-23 14:40:17.959796 UTC,/,390-429,,,Canada,Ontario,desktop,Macintosh,Chrome
1973358334.1769173942-1769173942,1973358334.1769173,2026-01-23 13:12:22.453650 UTC,/,390-429,,,Canada,Ontario,desktop,Macintosh,Chrome
2118248510.1769206531-1769206530,2118248510.176921,2026-01-23 22:15:31.177688 UTC,/,390-429,,,Canada,Ontario,desktop,Macintosh,Chrome
1611949796.1769508610-1769508610,1611949796.1769507,2026-01-27 10:10:10.650157 UTC,/,390-429,,,Canada,Ontario,mobile,iOS,Safari
1986238969.1769515873-1769515872,1986238969.1769516,2026-01-27 12:11:12.967539 UTC,/,390-429,,,Canada,Ontario,desktop,Macintosh,Chrome
511224816.1769182453-1769182452,511224816.17691827,2026-01-23 15:34:12.814726 UTC,/,390-429,,,Canada,Ontario,desktop,Macintosh,Chrome
1718939358.1769167192-1769167191,1718939358.1769168,2026-01-23 11:19:52.347191 UTC,/,390-429,,,Canada,Ontario,desktop,Macintosh,Chrome
932622208.1769172056-1769172056,932622208.1769171,2026-01-23 12:40:56.281916 UTC,/,390-429,,,Canada,Ontario,desktop,Macintosh,Chrome
39195625.1769515840-1769515840,39195625.17695159,2026-01-27 12:10:40.679059 UTC,/,390-429,,,Canada,Ontario,desktop,Macintosh,Chrome
732982922.1769520954-1769520953,732982922.1769521,2026-01-27 13:35:53.794251 UTC,/,390-429,390x844,mobile,Canada,Ontario,desktop,Macintosh,Chrome
796834747.1769534581-1769534581,796834747.1769534,2026-01-27 17:23:01.509090 UTC,/,390-429,390x844,mobile,Canada,Ontario,desktop,Macintosh,Chrome
1919296296.1769536066-1769536065,1919296296.1769536,2026-01-27 17:47:45.873516 UTC,/,390-429,390x844,mobile,Canada,Ontario,desktop,Macintosh,Chrome
565520769.1769552662-1769552662,565520769.1769552,2026-01-27 22:24:22.334454 UTC,/,390-429,390x844,mobile,Canada,Ontario,desktop,Macintosh,Chrome
1066999286.1769550002-1769550002,1066999286.176955,2026-01-27 21:40:02.857238 UTC,/,390-429,390x844,mobile,Canada,Ontario,desktop,Macintosh,Chrome
1587588577.1769518371-1769518370,1587588577.176952,2026-01-27 12:52:51.012444 UTC,/,390-429,390x844,mobile,Canada,Ontario,desktop,Macintosh,Chrome
1641461007.1769517770-1769542344,1641461007.1769516,2026-01-27 19:32:24.669473 UTC,/,390-429,390x844,mobile,Canada,Ontario,desktop,Macintosh,Chrome
1077862076.1769553732-1769553732,1077862076.1769552,2026-01-27 22:42:12.254292 UTC,/,390-429,390x844,mobile,Canada,Ontario,desktop,Macintosh,Chrome
1417226300.1769541929-1769541929,1417226300.176954,2026-01-27 19:25:29.467557 UTC,/,390-429,390x844,mobile,Canada,Ontario,desktop,Macintosh,Chrome
682331395.1769517769-1769537702,682331395.1769518,2026-01-27 18:15:03.054386 UTC,/,390-429,390x844,mobile,Canada,Ontario,desktop,Macintosh,Chrome
725791654.1769543754-1769543753,725791654.1769543,2026-01-27 19:55:54.226987 UTC,/,390-429,390x844,mobile,Canada,Ontario,desktop,Macintosh,Chrome
1310019104.1769520090-1769520090,1310019104.176952,2026-01-27 13:21:30.577224 UTC,/,390-429,390x844,mobile,Canada,Ontario,desktop,Macintosh,Chrome
1730347015.1769524414-1769524414,1730347015.1769524,2026-01-27 14:33:34.462389 UTC,/,390-429,390x844,mobile,Canada,Ontario,desktop,Macintosh,Chrome
413363289.1769528848-1769528848,413363289.1769529,2026-01-27 15:47:28.285407 UTC,/,390-429,390x844,mobile,Canada,Ontario,desktop,Macintosh,Chrome
1177236003.1769532451-1769532451,1177236003.1769533,2026-01-27 16:47:31.619934 UTC,/,390-429,390x844,mobile,Canada,Ontario,desktop,Macintosh,Chrome
1952554037.1769543770-1769543770,1952554037.1769545,2026-01-27 19:56:10.496486 UTC,/,390-429,390x844,mobile,Canada,Ontario,desktop,Macintosh,Chrome
549982304.1769553075-1769553075,549982304.1769552,2026-01-27 22:31:15.507097 UTC,/,390-429,390x844,mobile,Canada,Ontario,desktop,Macintosh,Chrome
682331395.1769517769-1769522919,682331395.1769518,2026-01-27 14:08:39.817858 UTC,/,390-429,390x844,mobile,Canada,Ontario,desktop,Macintosh,Chrome
927071085.1769534053-1769534052,927071085.1769534,2026-01-27 17:14:13.027881 UTC,/,390-429,390x844,mobile,Canada,Ontario,desktop,Macintosh,Chrome
1945247775.1769545169-1769545168,1945247775.1769545,2026-01-27 20:19:28.755003 UTC,/,390-429,390x844,mobile,Canada,Ontario,desktop,Macintosh,Chrome
238394953.1769523232-1769523232,238394953.17695233,2026-01-27 14:13:52.502018 UTC,/,390-429,390x844,mobile,Canada,Ontario,desktop,Macintosh,Chrome
1452273610.1769532015-1769532014,1452273610.1769533,2026-01-27 16:40:14.901431 UTC,/,390-429,390x844,mobile,Canada,Ontario,desktop,Macintosh,Chrome
1448893043.1769536053-1769536052,1448893043.1769536,2026-01-27 17:47:32.849829 UTC,/,390-429,390x844,mobile,Canada,Ontario,desktop,Macintosh,Chrome
22878105.1769550408-1769550407,22878105.17695504,2026-01-27 21:46:48.283010 UTC,/,390-429,390x844,mobile,Canada,Ontario,desktop,Macintosh,Chrome
43482501.1769517775-1769542012,43482501.17695177,2026-01-27 19:26:52.926246 UTC,/,390-429,390x844,mobile,Canada,Ontario,desktop,Macintosh,Chrome
43482501.1769517775-1769549171,43482501.17695177,2026-01-27 21:26:11.382209 UTC,/,390-429,390x844,mobile,Canada,Ontario,desktop,Macintosh,Chrome
1378158056.1769526417-1769526417,1378158056.1769526,2026-01-27 15:06:57.482053 UTC,/,390-429,390x844,mobile,Canada,Ontario,desktop,Macintosh,Chrome
1093555260.1769527501-1769527501,1093555260.1769528,2026-01-27 15:25:01.482263 UTC,/,390-429,390x844,mobile,Canada,Ontario,desktop,Macintosh,Chrome
865721269.1769520127-1769520126,865721269.176952,2026-01-27 13:22:06.857761 UTC,/,390-429,390x844,mobile,Canada,Ontario,desktop,Macintosh,Chrome
2102172255.1769552908-1769552907,2102172255.1769552,2026-01-27 22:28:27.894686 UTC,/,390-429,390x844,mobile,Canada,Ontario,desktop,Macintosh,Chrome
914037124.1769530637-1769530637,914037124.176953,2026-01-27 16:17:17.692886 UTC,/,390-429,390x844,mobile,Canada,Ontario,desktop,Macintosh,Chrome
351751113.1769524784-1769524783,351751113.1769525,2026-01-27 14:39:43.804779 UTC,/,390-429,390x844,mobile,Canada,Ontario,desktop,Macintosh,Chrome
1484550448.1769542621-1769542621,1484550448.1769543,2026-01-27 19:37:01.344348 UTC,/,390-429,390x844,mobile,Canada,Ontario,desktop,Macintosh,Chrome
149210815.1769538420-1769538420,149210815.17695385,2026-01-27 18:27:00.482394 UTC,/,390-429,390x844,mobile,Canada,Ontario,desktop,Macintosh,Chrome
1050360490.1769534477-1769534477,1050360490.1769534,2026-01-27 17:21:17.596335 UTC,/,390-429,393x873,mobile,Canada,Ontario,desktop,Macintosh,Chrome
898229994.1769531944-1769531943,898229994.1769533,2026-01-27 16:39:04.089769 UTC,/,390-429,393x873,mobile,Canada,Ontario,desktop,Macintosh,Chrome
1414250210.1769547120-1769547120,1414250210.1769547,2026-01-27 20:52:00.410802 UTC,/,390-429,393x873,mobile,Canada,Ontario,desktop,Macintosh,Chrome
1593401842.1769528860-1769528860,1593401842.1769528,2026-01-27 15:47:40.543055 UTC,/,390-429,393x873,mobile,Canada,Ontario,desktop,Macintosh,Chrome
68452117.1769553712-1769553711,68452117.17695537,2026-01-27 22:41:51.980342 UTC,/,390-429,393x873,mobile,Canada,Ontario,desktop,Macintosh,Chrome
1765471345.1769536902-1769536901,1765471345.1769536,2026-01-27 18:01:42.056072 UTC,/,390-429,393x873,mobile,Canada,Ontario,desktop,Macintosh,Chrome
1921126266.1769549381-1769549380,1921126266.1769547,2026-01-27 21:29:41.051251 UTC,/,390-429,393x873,mobile,Canada,Ontario,desktop,Macintosh,Chrome
1712912575.1769517746-1769551201,1712912575.1769516,2026-01-27 22:00:01.697846 UTC,/,390-429,393x873,mobile,Canada,Ontario,desktop,Macintosh,Chrome
673401450.1769539388-1769539388,673401450.1769539,2026-01-27 18:43:08.257273 UTC,/,390-429,393x873,mobile,Canada,Ontario,desktop,Macintosh,Chrome
461492402.1769526357-1769526357,461492402.17695266,2026-01-27 15:05:57.707948 UTC,/,390-429,393x873,mobile,Canada,Ontario,desktop,Macintosh,Chrome
1712912575.1769517746-1769527463,1712912575.1769516,2026-01-27 15:24:23.573858 UTC,/,390-429,393x873,mobile,Canada,Ontario,desktop,Macintosh,Chrome
1712912575.1769517746-1769532696,1712912575.1769516,2026-01-27 16:51:36.562311 UTC,/,390-429,393x873,mobile,Canada,Ontario,desktop,Macintosh,Chrome
1715770972.1769522210-1769522210,1715770972.1769521,2026-01-27 13:56:50.663832 UTC,/,390-429,393x873,mobile,Canada,Ontario,desktop,Macintosh,Chrome
318697552.1769548231-1769548231,318697552.1769548,2026-01-27 21:10:31.412713 UTC,/,390-429,393x873,mobile,Canada,Ontario,desktop,Macintosh,Chrome
233537929.1769550451-1769550450,233537929.17695504,2026-01-27 21:47:30.886921 UTC,/,390-429,393x873,mobile,Canada,Ontario,desktop,Macintosh,Chrome
1720680660.1769542248-1769542248,1720680660.1769543,2026-01-27 19:30:48.728255 UTC,/,390-429,393x873,mobile,Canada,Ontario,desktop,Macintosh,Chrome
43482501.1769517775-1769530942,43482501.17695177,2026-01-27 16:22:23.101472 UTC,/,390-429,393x873,mobile,Canada,Ontario,desktop,Macintosh,Chrome
12615601.1769530300-1769530300,12615601.17695303,2026-01-27 16:11:40.686895 UTC,/,390-429,393x873,mobile,Canada,Ontario,desktop,Macintosh,Chrome
1347371759.1769538618-1769538617,1347371759.1769538,2026-01-27 18:30:17.987738 UTC,/,390-429,393x873,mobile,Canada,Ontario,desktop,Macintosh,Chrome
977249574.1769522062-1769522062,977249574.1769521,2026-01-27 13:54:22.415425 UTC,/,390-429,393x873,mobile,Canada,Ontario,desktop,Macintosh,Chrome
29759006.1769521937-1769521937,29759006.176952194,2026-01-27 13:52:17.463891 UTC,/,390-429,393x873,mobile,Canada,Ontario,desktop,Macintosh,Chrome
718941590.1769524177-1769524176,718941590.1769524,2026-01-27 14:29:37.129035 UTC,/,390-429,393x873,mobile,Canada,Ontario,desktop,Macintosh,Chrome
654986678.1769545059-1769545059,654986678.1769545,2026-01-27 20:17:39.324050 UTC,/,390-429,393x873,mobile,Canada,Ontario,desktop,Macintosh,Chrome
1056461069.1769553493-1769553493,1056461069.1769552,2026-01-27 22:38:13.272543 UTC,/,390-429,393x873,mobile,Canada,Ontario,desktop,Macintosh,Chrome
192191971.1769533963-1769533963,192191971.17695335,2026-01-27 17:12:43.554450 UTC,/,390-429,393x873,mobile,Canada,Ontario,desktop,Macintosh,Chrome
1945753051.1769518003-1769518003,1945753051.176952,2026-01-27 12:46:43.243843 UTC,/,390-429,393x873,mobile,Canada,Ontario,desktop,Macintosh,Chrome
1288511795.1769526888-1769526888,1288511795.1769526,2026-01-27 15:14:48.694295 UTC,/,390-429,393x873,mobile,Canada,Ontario,desktop,Macintosh,Chrome
2113725738.1769521070-1769521069,2113725738.176952,2026-01-27 13:37:49.724002 UTC,/,390-429,393x873,mobile,Canada,Ontario,desktop,Macintosh,Chrome
245290962.1769517776-1769517776,245290962.17695177,2026-01-27 12:42:56.558864 UTC,/,390-429,393x873,mobile,Canada,Ontario,desktop,Macintosh,Chrome
1607679790.1769531842-1769531842,1607679790.1769533,2026-01-27 16:37:22.788496 UTC,/,390-429,393x873,mobile,Canada,Ontario,desktop,Macintosh,Chrome
414639296.1769521176-1769521176,414639296.17695206,2026-01-27 13:39:36.642224 UTC,/,390-429,393x873,mobile,Canada,Ontario,desktop,Macintosh,Chrome
1614700658.1769518389-1769523788,1614700658.176952,2026-01-27 14:23:08.444938 UTC,/,390-429,393x873,mobile,Canada,Ontario,desktop,Macintosh,Chrome
592653271.1769541727-1769541726,592653271.1769542,2026-01-27 19:22:06.825039 UTC,/,390-429,412x915,mobile,Canada,Ontario,desktop,Macintosh,Chrome
2013144899.1769517745-1769526151,2013144899.176952,2026-01-27 15:02:31.323881 UTC,/,390-429,412x915,mobile,Canada,Ontario,desktop,Macintosh,Chrome
1712912575.1769517746-1769521601,1712912575.1769516,2026-01-27 13:46:41.230990 UTC,/,390-429,412x915,mobile,Canada,Ontario,desktop,Macintosh,Chrome
682331395.1769517769-1769545623,682331395.1769518,2026-01-27 20:27:03.863693 UTC,/,390-429,412x915,mobile,Canada,Ontario,desktop,Macintosh,Chrome
861359153.1769543146-1769543145,861359153.1769543,2026-01-27 19:45:45.798804 UTC,/,390-429,412x915,mobile,Canada,Ontario,desktop,Macintosh,Chrome
50078882.1769543500-1769543500,50078882.17695435,2026-01-27 19:51:40.558332 UTC,/,390-429,412x915,mobile,Canada,Ontario,desktop,Macintosh,Chrome
225574863.1769519392-1769519391,225574863.17695197,2026-01-27 13:09:51.860887 UTC,/,390-429,412x915,mobile,Canada,Ontario,desktop,Macintosh,Chrome
1814790330.1769519810-1769519810,1814790330.176952,2026-01-27 13:16:50.484881 UTC,/,390-429,412x915,mobile,Canada,Ontario,desktop,Macintosh,Chrome
796656765.1769524642-1769524641,796656765.1769524,2026-01-27 14:37:22.071116 UTC,/,390-429,412x915,mobile,Canada,Ontario,desktop,Macintosh,Chrome
2105267707.1769522336-1769522335,2105267707.176952,2026-01-27 13:58:56.011640 UTC,/,390-429,412x915,mobile,Canada,Ontario,desktop,Macintosh,Chrome
12478767.1769544950-1769544949,12478767.176954497,2026-01-27 20:15:49.908816 UTC,/,390-429,412x915,mobile,Canada,Ontario,desktop,Macintosh,Chrome
1582803177.1769542038-1769542038,1582803177.1769543,2026-01-27 19:27:18.329304 UTC,/,390-429,412x915,mobile,Canada,Ontario,desktop,Macintosh,Chrome
1641461007.1769517770-1769551364,1641461007.1769516,2026-01-27 22:02:44.445460 UTC,/,390-429,412x915,mobile,Canada,Ontario,desktop,Macintosh,Chrome
1490273497.1769533030-1769533030,1490273497.1769533,2026-01-27 16:57:10.901236 UTC,/,390-429,412x915,mobile,Canada,Ontario,desktop,Macintosh,Chrome
368371167.1769534029-1769534028,368371167.17695343,2026-01-27 17:13:49.254086 UTC,/,390-429,412x915,mobile,Canada,Ontario,desktop,Macintosh,Chrome
1712912575.1769517746-1769517746,1712912575.1769516,2026-01-27 12:42:26.350256 UTC,/,390-429,412x915,mobile,Canada,Ontario,desktop,Macintosh,Chrome
1998309116.1769535462-1769535462,1998309116.1769533,2026-01-27 17:37:42.498098 UTC,/,390-429,412x915,mobile,Canada,Ontario,desktop,Macintosh,Chrome
160068122.1769543267-1769543267,160068122.17695433,2026-01-27 19:47:47.577825 UTC,/,390-429,412x915,mobile,Canada,Ontario,desktop,Macintosh,Chrome
634638361.1769553681-1769553680,634638361.1769553,2026-01-27 22:41:21.181846 UTC,/,390-429,412x915,mobile,Canada,Ontario,desktop,Macintosh,Chrome
610437698.1769535252-1769535251,610437698.1769536,2026-01-27 17:34:11.995181 UTC,/,390-429,412x915,mobile,Canada,Ontario,desktop,Macintosh,Chrome
192104268.1769550628-1769550627,192104268.17695504,2026-01-27 21:50:28.216654 UTC,/,390-429,412x915,mobile,Canada,Ontario,desktop,Macintosh,Chrome
2070475259.1769540769-1769540768,2070475259.176954,2026-01-27 19:06:08.804442 UTC,/,390-429,412x915,mobile,Canada,Ontario,desktop,Macintosh,Chrome
1614700658.1769518389-1769518389,1614700658.176952,2026-01-27 12:53:09.158104 UTC,/,390-429,412x915,mobile,Canada,Ontario,desktop,Macintosh,Chrome
1752999750.1769521295-1769521295,1752999750.176952,2026-01-27 13:41:35.237627 UTC,/,390-429,412x915,mobile,Canada,Ontario,desktop,Macintosh,Chrome
1353049109.1769542794-1769542794,1353049109.1769543,2026-01-27 19:39:54.489496 UTC,/,390-429,412x915,mobile,Canada,Ontario,desktop,Macintosh,Chrome
672546008.1769544707-1769544706,672546008.1769545,2026-01-27 20:11:46.745680 UTC,/,390-429,412x915,mobile,Canada,Ontario,desktop,Macintosh,Chrome
2087897378.1769540122-1769540121,2087897378.176954,2026-01-27 18:55:22.013981 UTC,/,390-429,412x915,mobile,Canada,Ontario,desktop,Macintosh,Chrome
1503841794.1769536037-1769536036,1503841794.1769536,2026-01-27 17:47:16.925116 UTC,/,390-429,412x915,mobile,Canada,Ontario,desktop,Macintosh,Chrome
1738757533.1769519474-1769519474,1738757533.176952,2026-01-27 13:11:14.368964 UTC,/,390-429,412x915,mobile,Canada,Ontario,desktop,Macintosh,Chrome
154612475.1769534487-1769534487,154612475.17695343,2026-01-27 17:21:27.675674 UTC,/,390-429,412x915,mobile,Canada,Ontario,desktop,Macintosh,Chrome
526055908.1769539112-1769539111,526055908.1769539,2026-01-27 18:38:31.910341 UTC,/,390-429,412x915,mobile,Canada,Ontario,desktop,Macintosh,Chrome
43482501.1769517775-1769528048,43482501.17695177,2026-01-27 15:34:09.102420 UTC,/,390-429,412x915,mobile,Canada,Ontario,desktop,Macintosh,Chrome
1963757053.1769544642-1769544642,1963757053.1769545,2026-01-27 20:10:42.282458 UTC,/,390-429,412x915,mobile,Canada,Ontario,desktop,Macintosh,Chrome
43482501.1769517775-1769552743,43482501.17695177,2026-01-27 22:25:43.284771 UTC,/,390-429,412x915,mobile,Canada,Ontario,desktop,Macintosh,Chrome
1793202916.1769508656-1769508655,1793202916.1769507,2026-01-27 10:10:55.718913 UTC,/,430-767,,,Canada,Ontario,desktop,Macintosh,Chrome
2078359016.1769186158-1769186157,2078359016.1769185,2026-01-23 16:35:57.804829 UTC,/,430-767,,,Canada,Ontario,desktop,Macintosh,Chrome
478934203.1769167432-1769167432,478934203.1769168,2026-01-23 11:23:52.610283 UTC,/,430-767,,,Canada,Ontario,desktop,Macintosh,Chrome
1129053239.1769155182-1769155181,1129053239.1769156,2026-01-23 07:59:41.921488 UTC,/,430-767,,,Canada,Ontario,desktop,Macintosh,Chrome
1758076434.1769178553-1769178552,1758076434.1769178,2026-01-23 14:29:12.698757 UTC,/,430-767,,,Canada,Ontario,desktop,Macintosh,Chrome
2132079225.1769508350-1769508349,2132079225.1769507,2026-01-27 10:05:49.887629 UTC,/,430-767,,,Canada,Ontario,desktop,Macintosh,Chrome
1690740372.1769182117-1769182116,1690740372.1769183,2026-01-23 15:28:36.892694 UTC,/,430-767,,,Canada,Ontario,desktop,Macintosh,Chrome
623017611.1769508234-1769508233,623017611.1769508,2026-01-27 10:03:54.099679 UTC,/,430-767,,,Canada,Ontario,desktop,Macintosh,Chrome
1011877078.1769171085-1769171085,1011877078.1769172,2026-01-23 12:24:45.519310 UTC,/,430-767,,,Canada,Ontario,desktop,Macintosh,Chrome
905536920.1769197942-1769197942,905536920.1769198,2026-01-23 19:52:22.505696 UTC,/,430-767,,,Canada,Ontario,desktop,Macintosh,Chrome
1389489221.1769211563-1769211562,1389489221.1769211,2026-01-23 23:39:22.913880 UTC,/,430-767,,,Canada,Ontario,desktop,Macintosh,Chrome
1553182180.1769185673-1769185673,1553182180.1769185,2026-01-23 16:27:53.255152 UTC,/,430-767,,,Canada,Ontario,desktop,Macintosh,Chrome
1237511249.1769508834-1769508833,1237511249.1769507,2026-01-27 10:13:54.034946 UTC,/,430-767,,,Canada,Ontario,desktop,Macintosh,Chrome
1916672434.1769206790-1769206789,1916672434.176921,2026-01-23 22:19:50.208743 UTC,/,430-767,,,Canada,Ontario,desktop,Macintosh,Chrome
1398514281.1769171369-1769171368,1398514281.1769173,2026-01-23 12:29:29.428351 UTC,/,430-767,,,Canada,Ontario,desktop,Macintosh,Chrome
1634017123.1769507459-1769507459,1634017123.1769507,2026-01-27 09:50:59.572810 UTC,/,430-767,,,Canada,Ontario,desktop,Macintosh,Chrome
1815757594.1769165538-1769169419,1815757594.1769164,2026-01-23 11:57:00.493052 UTC,/,430-767,,,Canada,Ontario,desktop,Macintosh,Chrome
712624090.1769512361-1769512361,712624090.1769512,2026-01-27 11:12:41.357520 UTC,/,430-767,,,Canada,Ontario,desktop,Macintosh,Chrome
590867851.1769165527-1769180048,590867851.1769166,2026-01-23 14:54:08.813779 UTC,/,430-767,,,Canada,Ontario,desktop,Macintosh,Chrome
1847430154.1769202278-1769202278,1847430154.17692,2026-01-23 21:04:38.604427 UTC,/,430-767,,,Canada,Ontario,desktop,Macintosh,Chrome
54819577.1769198648-1769198647,54819577.176919855,2026-01-23 20:04:08.057075 UTC,/,430-767,,,Canada,Ontario,desktop,Macintosh,Chrome
948761703.1769165573-1769175598,948761703.1769165,2026-01-23 13:39:58.444939 UTC,/,430-767,,,Canada,Ontario,desktop,Macintosh,Chrome
1077266415.1769212231-1769212231,1077266415.1769211,2026-01-23 23:50:31.535070 UTC,/,430-767,,,Canada,Ontario,desktop,Macintosh,Chrome
537799027.1769165566-1769182040,537799027.1769166,2026-01-23 15:27:21.094756 UTC,/,430-767,,,Canada,Ontario,desktop,Macintosh,Chrome
992318544.1769200311-1769200310,992318544.17692,2026-01-23 20:31:51.008899 UTC,/,430-767,,,Canada,Ontario,desktop,Macintosh,Chrome
61925628.1769200411-1769200411,61925628.17692004,2026-01-23 20:33:31.602354 UTC,/,430-767,,,Canada,Ontario,desktop,Macintosh,Chrome
537397128.1769179036-1769179036,537397128.1769179,2026-01-23 14:37:16.536315 UTC,/,430-767,,,Canada,Ontario,desktop,Macintosh,Chrome
157887752.1769207132-1769207132,157887752.1769207,2026-01-23 22:25:32.503096 UTC,/,430-767,,,Canada,Ontario,desktop,Macintosh,Chrome
1640299027.1769211999-1769211998,1640299027.1769211,2026-01-23 23:46:38.731555 UTC,/,430-767,,,Canada,Ontario,desktop,Macintosh,Chrome
345762226.1769186443-1769186442,345762226.1769186,2026-01-23 16:40:42.785018 UTC,/,430-767,,,Canada,Ontario,desktop,Macintosh,Chrome
316745593.1769179412-1769179411,316745593.17691797,2026-01-23 14:43:31.929366 UTC,/,430-767,,,Canada,Ontario,desktop,Macintosh,Chrome
112828571.1769211877-1769211877,112828571.17692117,2026-01-23 23:44:37.683360 UTC,/,430-767,,,Canada,Ontario,desktop,Macintosh,Chrome
74174004.1769185987-1769185986,74174004.1769186,2026-01-23 16:33:06.956091 UTC,/,430-767,,,Canada,Ontario,desktop,Macintosh,Chrome
1668941993.1769213374-1769213374,1668941993.1769211,2026-01-24 00:09:34.417021 UTC,/,430-767,,,Canada,Ontario,desktop,Macintosh,Chrome
1475573968.1769198546-1769198545,1475573968.1769197,2026-01-23 20:02:25.732511 UTC,/,430-767,,,Canada,Ontario,desktop,Macintosh,Chrome
57958740.1769162878-1769162878,57958740.17691629,2026-01-23 10:07:58.335434 UTC,/,430-767,,,Canada,Ontario,desktop,Macintosh,Chrome
849455741.1769165557-1769174096,849455741.1769165,2026-01-23 13:14:56.796216 UTC,/,430-767,,,Canada,Ontario,desktop,Macintosh,Chrome
537799027.1769165566-1769165565,537799027.1769166,2026-01-23 10:52:46.422839 UTC,/,430-767,,,Canada,Ontario,desktop,Macintosh,Chrome
669775440.1769203865-1769203864,669775440.1769204,2026-01-23 21:31:05.094172 UTC,/,430-767,,,Canada,Ontario,desktop,Macintosh,Chrome
1960857317.1769507820-1769507819,1960857317.1769507,2026-01-27 09:56:59.831495 UTC,/,430-767,,,Canada,Ontario,desktop,Macintosh,Chrome
1856531.1769186357-1769186356,1856531.176918636,2026-01-23 16:39:17.056842 UTC,/,430-767,,,Canada,Ontario,desktop,Macintosh,Chrome
881199339.1769515227-1769515226,881199339.1769515,2026-01-27 12:00:26.777356 UTC,/,430-767,,,Canada,Ontario,desktop,Macintosh,Chrome
1470251530.1769170651-1769170651,1470251530.176917,2026-01-23 12:17:31.800454 UTC,/,430-767,,,Canada,Ontario,desktop,Macintosh,Chrome
849455741.1769165557-1769185099,849455741.1769165,2026-01-23 16:18:20.031250 UTC,/,430-767,,,Canada,Ontario,desktop,Macintosh,Chrome
118005173.1769175498-1769175498,118005173.17691754,2026-01-23 13:38:18.334649 UTC,/,430-767,,,Canada,Ontario,desktop,Macintosh,Chrome
2060358614.1769200157-1769202840,2060358614.17692,2026-01-23 21:14:01.236608 UTC,/,430-767,,,Canada,Ontario,desktop,Macintosh,Chrome
1234666587.1769155274-1769155274,1234666587.1769156,2026-01-23 08:01:14.478103 UTC,/,430-767,,,Canada,Ontario,desktop,Macintosh,Chrome
1854973135.1769168112-1769168111,1854973135.1769168,2026-01-23 11:35:12.110213 UTC,/,430-767,,,Canada,Ontario,desktop,Macintosh,Chrome
575717565.1769507860-1769507859,575717565.1769508,2026-01-27 09:57:39.776555 UTC,/,430-767,,,Canada,Ontario,desktop,Macintosh,Chrome
336445709.1769200177-1769200177,336445709.17692,2026-01-23 20:29:37.688468 UTC,/,430-767,,,Canada,Ontario,desktop,Macintosh,Chrome
279776649.1769181818-1769181817,279776649.17691815,2026-01-23 15:23:38.080049 UTC,/,430-767,,,Canada,Ontario,desktop,Macintosh,Chrome
1130930041.1769209947-1769209946,1130930041.176921,2026-01-23 23:12:26.772849 UTC,/,430-767,,,Canada,Ontario,desktop,Macintosh,Chrome
1032764600.1769214576-1769214575,1032764600.1769214,2026-01-24 00:29:36.009388 UTC,/,430-767,,,Canada,Ontario,desktop,Macintosh,Chrome
1812490734.1769203931-1769203931,1812490734.1769204,2026-01-23 21:32:11.665757 UTC,/,430-767,,,Canada,Ontario,desktop,Macintosh,Chrome
1968281871.1769168392-1769168391,1968281871.1769168,2026-01-23 11:39:52.506141 UTC,/,430-767,,,Canada,Ontario,desktop,Macintosh,Chrome
1448556511.1769507445-1769507444,1448556511.1769507,2026-01-27 09:50:44.971239 UTC,/,430-767,,,Canada,Ontario,desktop,Macintosh,Chrome
1165785799.1769169678-1769169678,1165785799.1769168,2026-01-23 12:01:18.863850 UTC,/,430-767,,,Canada,Ontario,desktop,Macintosh,Chrome
1692341315.1769208567-1769208567,1692341315.176921,2026-01-23 22:49:27.555892 UTC,/,430-767,,,Canada,Ontario,desktop,Macintosh,Chrome
247288839.1769511061-1769511061,247288839.1769511,2026-01-27 10:51:01.630918 UTC,/,430-767,,,Canada,Ontario,desktop,Macintosh,Chrome
229170585.1769171383-1769171383,229170585.17691717,2026-01-23 12:29:43.900062 UTC,/,430-767,,,Canada,Ontario,desktop,Macintosh,Chrome
669775440.1769203865-1769212142,669775440.1769204,2026-01-23 23:49:02.310906 UTC,/,430-767,,,Canada,Ontario,desktop,Macintosh,Chrome
944652845.1769165567-1769165566,944652845.1769165,2026-01-23 10:52:47.395292 UTC,/,430-767,,,Canada,Ontario,desktop,Macintosh,Chrome
1706051245.1769165365-1769165365,1706051245.1769164,2026-01-23 10:49:25.182669 UTC,/,430-767,,,Canada,Ontario,desktop,Macintosh,Chrome
639802501.1769180935-1769180934,639802501.176918,2026-01-23 15:08:54.892012 UTC,/,430-767,,,Canada,Ontario,desktop,Macintosh,Chrome
1491886386.1769200483-1769200482,1491886386.17692,2026-01-23 20:34:43.120743 UTC,/,430-767,,,Canada,Ontario,desktop,Macintosh,Chrome
1355284447.1769511790-1769511790,1355284447.1769512,2026-01-27 11:03:10.846452 UTC,/,430-767,,,Canada,Ontario,desktop,Macintosh,Chrome
452070015.1769197860-1769197860,452070015.17691976,2026-01-23 19:51:00.239188 UTC,/,430-767,,,Canada,Ontario,desktop,Macintosh,Chrome
597743749.1769183158-1769183158,597743749.1769183,2026-01-23 15:45:58.594718 UTC,/,430-767,,,Canada,Ontario,desktop,Macintosh,Chrome
780197852.1769508576-1769508576,780197852.1769507,2026-01-27 10:09:36.588696 UTC,/,430-767,,,Canada,Ontario,desktop,Macintosh,Chrome
492580335.1769512721-1769512720,492580335.1769513,2026-01-27 11:18:41.425868 UTC,/,430-767,,,Canada,Ontario,desktop,Macintosh,Chrome
2014433020.1769175140-1769175140,2014433020.1769173,2026-01-23 13:32:20.685731 UTC,/,430-767,,,Canada,Ontario,desktop,Macintosh,Chrome
669775440.1769203865-1769209013,669775440.1769204,2026-01-23 22:56:53.381275 UTC,/,430-767,,,Canada,Ontario,desktop,Macintosh,Chrome
1243235547.1769511827-1769511826,1243235547.1769512,2026-01-27 11:03:47.009889 UTC,/,430-767,,,Canada,Ontario,desktop,Macintosh,Chrome
1472933540.1769171635-1769171635,1472933540.1769173,2026-01-23 12:33:55.811753 UTC,/,430-767,,,Canada,Ontario,desktop,Macintosh,Chrome
590241848.1769212649-1769212649,590241848.1769212,2026-01-23 23:57:29.685637 UTC,/,430-767,,,Canada,Ontario,desktop,Macintosh,Chrome
1435820052.1769512717-1769512716,1435820052.1769512,2026-01-27 11:18:36.949995 UTC,/,430-767,,,Canada,Ontario,desktop,Macintosh,Chrome
356831771.1769170249-1769170248,356831771.176917,2026-01-23 12:10:49.323817 UTC,/,430-767,,,Canada,Ontario,desktop,Macintosh,Chrome
1815757594.1769165538-1769183973,1815757594.1769164,2026-01-23 15:59:34.046356 UTC,/,430-767,,,Canada,Ontario,desktop,Macintosh,Chrome
266766811.1769172989-1769172988,266766811.17691728,2026-01-23 12:56:28.687669 UTC,/,430-767,,,Canada,Ontario,desktop,Macintosh,Chrome
749626718.1769507425-1769507425,749626718.1769507,2026-01-27 09:50:25.263088 UTC,/,430-767,,,Canada,Ontario,desktop,Macintosh,Chrome
47214859.1769506899-1769506899,47214859.176950686,2026-01-27 09:41:39.269910 UTC,/,430-767,,,Canada,Ontario,desktop,Macintosh,Chrome
671039884.1769207614-1769207614,671039884.1769208,2026-01-23 22:33:34.363657 UTC,/,430-767,,,Canada,Ontario,desktop,Macintosh,Chrome
341714007.1769186046-1769186045,341714007.1769186,2026-01-23 16:34:06.079522 UTC,/,430-767,,,Canada,Ontario,desktop,Macintosh,Chrome
1028035106.1769508951-1769508950,1028035106.1769508,2026-01-27 10:15:50.726552 UTC,/,430-767,,,Canada,Ontario,desktop,Macintosh,Chrome
590867851.1769165527-1769170410,590867851.1769166,2026-01-23 12:13:31.127723 UTC,/,430-767,,,Canada,Ontario,desktop,Macintosh,Chrome
419921152.1769186601-1769186600,419921152.1769186,2026-01-23 16:43:21.155676 UTC,/,430-767,,,Canada,Ontario,desktop,Macintosh,Chrome
1741933204.1769197888-1769197887,1741933204.1769197,2026-01-23 19:51:28.007666 UTC,/,430-767,,,Canada,Ontario,desktop,Macintosh,Chrome
1381221904.1769507469-1769507468,1381221904.1769507,2026-01-27 09:51:09.134789 UTC,/,430-767,,,Canada,Ontario,desktop,Macintosh,Chrome
984832714.1769212224-1769212223,984832714.1769212,2026-01-23 23:50:23.977155 UTC,/,430-767,,,Canada,Ontario,desktop,Macintosh,Chrome
902495975.1769175266-1769175266,902495975.1769176,2026-01-23 13:34:26.496945 UTC,/,430-767,,,Canada,Ontario,desktop,Macintosh,Chrome
916683907.1769155235-1769155234,916683907.1769155,2026-01-23 08:00:35.061316 UTC,/,430-767,,,Canada,Ontario,desktop,Macintosh,Chrome
2077050489.1769515221-1769515220,2077050489.1769516,2026-01-27 12:00:20.885396 UTC,/,430-767,,,Canada,Ontario,desktop,Macintosh,Chrome
1539914673.1769507414-1769507414,1539914673.1769507,2026-01-27 09:50:14.662373 UTC,/,<360,,,Canada,Ontario,mobile,iOS,Safari
847450017.1769200127-1769200126,847450017.17692,2026-01-23 20:28:47.077926 UTC,/,<360,,,Canada,Ontario,desktop,Macintosh,Chrome
1751994612.1769175242-1769175241,1751994612.1769176,2026-01-23 13:34:02.066805 UTC,/,<360,,,Canada,Ontario,desktop,Macintosh,Chrome
202370999.1769165552-1769165551,202370999.1769165,2026-01-23 10:52:32.498164 UTC,/,<360,,,Canada,Ontario,desktop,Macintosh,Chrome
1015008147.1769209885-1769209884,1015008147.1769208,2026-01-23 23:11:25.043191 UTC,/,<360,,,Canada,Ontario,desktop,Macintosh,Chrome
2127083242.1769515291-1769515290,2127083242.1769516,2026-01-27 12:01:32.378301 UTC,/,<360,,,Canada,Ontario,desktop,Macintosh,Chrome
1485242039.1769508514-1769508513,1485242039.1769507,2026-01-27 10:08:34.178839 UTC,/,<360,,,Canada,Ontario,mobile,iOS,Safari
688515555.1769168321-1769168321,688515555.1769168,2026-01-23 11:38:41.798901 UTC,/,<360,,,Canada,Ontario,desktop,Macintosh,Chrome
800678115.1769175773-1769175772,800678115.1769174,2026-01-23 13:42:53.133905 UTC,/,<360,,,Canada,Ontario,desktop,Macintosh,Chrome
1256147752.1769198207-1769198207,1256147752.1769197,2026-01-23 19:56:47.280395 UTC,/,<360,,,Canada,Ontario,desktop,Macintosh,Chrome
1457238594.1769213241-1769213240,1457238594.1769211,2026-01-24 00:07:21.137356 UTC,/,<360,,,Canada,Ontario,desktop,Macintosh,Chrome
1286369944.1769198195-1769198194,1286369944.1769197,2026-01-23 19:56:34.786523 UTC,/,<360,,,Canada,Ontario,desktop,Macintosh,Chrome
481299219.1769200606-1769200606,481299219.17692006,2026-01-23 20:36:46.489399 UTC,/,<360,,,Canada,Ontario,desktop,Macintosh,Chrome
1288202119.1769186017-1769186017,1288202119.1769185,2026-01-23 16:33:37.367129 UTC,/,<360,,,Canada,Ontario,desktop,Macintosh,Chrome
1400268407.1769202206-1769202205,1400268407.1769202,2026-01-23 21:03:26.216673 UTC,/,<360,,,Canada,Ontario,desktop,Macintosh,Chrome
1085875607.1769166900-1769166900,1085875607.1769166,2026-01-23 11:15:01.036351 UTC,/,<360,,,Canada,Ontario,desktop,Macintosh,Chrome
1429348103.1769508252-1769508251,1429348103.1769507,2026-01-27 10:04:12.025580 UTC,/,<360,,,Canada,Ontario,mobile,iOS,Safari
948761703.1769165573-1769177943,948761703.1769165,2026-01-23 14:19:03.749228 UTC,/,<360,,,Canada,Ontario,desktop,Macintosh,Chrome
943198982.1769512403-1769512403,943198982.1769512,2026-01-27 11:13:23.377230 UTC,/,<360,,,Canada,Ontario,desktop,Macintosh,Chrome
1796462616.1769508978-1769508977,1796462616.1769507,2026-01-27 10:16:17.930178 UTC,/,<360,,,Canada,Ontario,mobile,iOS,Safari
1352111474.1769180889-1769180888,1352111474.176918,2026-01-23 15:08:09.207459 UTC,/,<360,,,Canada,Ontario,desktop,Macintosh,Chrome
2001981577.1769209727-1769209727,2001981577.176921,2026-01-23 23:08:47.241025 UTC,/,<360,,,Canada,Ontario,desktop,Macintosh,Chrome
751155218.1769509308-1769509307,751155218.1769509,2026-01-27 10:21:48.117575 UTC,/,<360,,,Canada,Ontario,mobile,iOS,Safari
836874901.1769207074-1769207074,836874901.1769207,2026-01-23 22:24:34.654461 UTC,/,<360,,,Canada,Ontario,desktop,Macintosh,Chrome
443324685.1769201958-1769201958,443324685.1769202,2026-01-23 20:59:18.435911 UTC,/,<360,,,Canada,Ontario,desktop,Macintosh,Chrome
582972013.1769178941-1769178940,582972013.1769178,2026-01-23 14:35:40.888472 UTC,/,<360,,,Canada,Ontario,desktop,Macintosh,Chrome
1209889428.1769213294-1769213293,1209889428.1769211,2026-01-24 00:08:13.763041 UTC,/,<360,,,Canada,Ontario,desktop,Macintosh,Chrome
212856365.1769169370-1769169370,212856365.17691693,2026-01-23 11:56:11.005661 UTC,/,<360,,,Canada,Ontario,desktop,Macintosh,Chrome
904634881.1769171812-1769171811,904634881.1769171,2026-01-23 12:36:52.012405 UTC,/,<360,,,Canada,Ontario,desktop,Macintosh,Chrome
465724677.1769198772-1769198771,465724677.17691994,2026-01-23 20:06:12.041370 UTC,/,<360,,,Canada,Ontario,desktop,Macintosh,Chrome
263107398.1769174036-1769174035,263107398.1769174,2026-01-23 13:13:56.127298 UTC,/,<360,,,Canada,Ontario,desktop,Macintosh,Chrome
1407391361.1769511075-1769511074,1407391361.1769512,2026-01-27 10:51:14.766709 UTC,/,<360,,,Canada,Ontario,desktop,Macintosh,Chrome
774691656.1769204319-1769204319,774691656.1769203,2026-01-23 21:38:39.381155 UTC,/,<360,,,Canada,Ontario,desktop,Macintosh,Chrome
1339581067.1769512403-1769512402,1339581067.1769512,2026-01-27 11:13:22.877584 UTC,/,<360,,,Canada,Ontario,desktop,Macintosh,Chrome
1389337609.1769508550-1769508549,1389337609.1769507,2026-01-27 10:09:09.919166 UTC,/,<360,,,Canada,Ontario,mobile,iOS,Safari
515254564.1769165521-1769165520,515254564.17691654,2026-01-23 10:52:01.203409 UTC,/,<360,,,Canada,Ontario,desktop,Macintosh,Chrome
399960042.1769205806-1769205806,399960042.17692053,2026-01-23 22:03:26.685147 UTC,/,<360,,,Canada,Ontario,desktop,Macintosh,Chrome
51507427.1769181401-1769181400,51507427.17691814,2026-01-23 15:16:40.821632 UTC,/,<360,,,Canada,Ontario,desktop,Macintosh,Chrome
1893069251.1769206883-1769206882,1893069251.176921,2026-01-23 22:21:22.873949 UTC,/,<360,,,Canada,Ontario,desktop,Macintosh,Chrome
1170327619.1769200236-1769200235,1170327619.17692,2026-01-23 20:30:35.908787 UTC,/,<360,,,Canada,Ontario,desktop,Macintosh,Chrome
1484320617.1769184573-1769184573,1484320617.1769185,2026-01-23 16:09:33.644563 UTC,/,<360,,,Canada,Ontario,desktop,Macintosh,Chrome
695844992.1769200798-1769200798,695844992.17692,2026-01-23 20:39:58.411141 UTC,/,<360,,,Canada,Ontario,desktop,Macintosh,Chrome
419436749.1769182544-1769182544,419436749.1769183,2026-01-23 15:35:44.479336 UTC,/,<360,,,Canada,Ontario,desktop,Macintosh,Chrome
948761703.1769165573-1769169177,948761703.1769165,2026-01-23 11:52:57.811231 UTC,/,<360,,,Canada,Ontario,desktop,Macintosh,Chrome
977988202.1769206703-1769206702,977988202.1769207,2026-01-23 22:18:22.778934 UTC,/,<360,,,Canada,Ontario,desktop,Macintosh,Chrome
740782935.1769171736-1769171735,740782935.1769171,2026-01-23 12:35:36.410433 UTC,/,<360,,,Canada,Ontario,desktop,Macintosh,Chrome
1695665305.1769507243-1769507242,1695665305.1769507,2026-01-27 09:47:23.232792 UTC,/,<360,,,Canada,Ontario,mobile,iOS,Safari
1224326728.1769183795-1769183794,1224326728.1769185,2026-01-23 15:56:35.073405 UTC,/,<360,,,Canada,Ontario,desktop,Macintosh,Chrome
1247010446.1769185219-1769185218,1247010446.1769185,2026-01-23 16:20:18.910932 UTC,/,<360,,,Canada,Ontario,desktop,Macintosh,Chrome
41296938.1769198064-1769198064,41296938.17691981,2026-01-23 19:54:24.613847 UTC,/,<360,,,Canada,Ontario,desktop,Macintosh,Chrome
1962312083.1769213378-1769213377,1962312083.1769211,2026-01-24 00:09:37.704064 UTC,/,<360,,,Canada,Ontario,desktop,Macintosh,Chrome
229151005.1769174912-1769174911,229151005.1769175,2026-01-23 13:28:32.110343 UTC,/,<360,,,Canada,Ontario,desktop,Macintosh,Chrome
1855240758.1769198561-1769198561,1855240758.17692,2026-01-23 20:02:41.207819 UTC,/,<360,,,Canada,Ontario,desktop,Macintosh,Chrome
1330864707.1769172241-1769172241,1330864707.1769173,2026-01-23 12:44:01.476649 UTC,/,<360,,,Canada,Ontario,desktop,Macintosh,Chrome
958708260.1769200195-1769200194,958708260.17692,2026-01-23 20:29:54.907186 UTC,/,<360,,,Canada,Ontario,desktop,Macintosh,Chrome
2004284004.1769175662-1769175662,2004284004.1769173,2026-01-23 13:41:02.465831 UTC,/,<360,,,Canada,Ontario,desktop,Macintosh,Chrome
1215577375.1769204766-1769204765,1215577375.1769204,2026-01-23 21:46:05.842933 UTC,/,<360,,,Canada,Ontario,desktop,Macintosh,Chrome
2132383352.1769165892-1769165891,2132383352.1769164,2026-01-23 10:58:12.171767 UTC,/,<360,,,Canada,Ontario,desktop,Macintosh,Chrome
1240709558.1769179116-1769179116,1240709558.176918,2026-01-23 14:38:36.470234 UTC,/,<360,,,Canada,Ontario,desktop,Macintosh,Chrome
1340047101.1769185782-1769185781,1340047101.1769185,2026-01-23 16:29:42.119367 UTC,/,<360,,,Canada,Ontario,desktop,Macintosh,Chrome
1700618076.1769168423-1769168423,1700618076.1769168,2026-01-23 11:40:23.728593 UTC,/,<360,,,Canada,Ontario,desktop,Macintosh,Chrome
1881822335.1769200143-1769203671,1881822335.17692,2026-01-23 21:27:51.434201 UTC,/,<360,,,Canada,Ontario,desktop,Macintosh,Chrome
437896789.1769507644-1769507644,437896789.1769508,2026-01-27 09:54:04.216738 UTC,/,<360,,,Canada,Ontario,mobile,iOS,Safari
242646489.1769178595-1769178595,242646489.17691785,2026-01-23 14:29:55.223325 UTC,/,<360,,,Canada,Ontario,desktop,Macintosh,Chrome
1559053120.1769178081-1769178080,1559053120.1769178,2026-01-23 14:21:20.962468 UTC,/,<360,,,Canada,Ontario,desktop,Macintosh,Chrome
1815757594.1769165538-1769165537,1815757594.1769164,2026-01-23 10:52:18.147372 UTC,/,<360,,,Canada,Ontario,desktop,Macintosh,Chrome
1777815199.1769197884-1769197883,1777815199.1769197,2026-01-23 19:51:23.673575 UTC,/,<360,,,Canada,Ontario,desktop,Macintosh,Chrome
888285842.1769511380-1769511379,888285842.176951,2026-01-27 10:56:19.976945 UTC,/,<360,,,Canada,Ontario,desktop,Macintosh,Chrome
1434146503.1769169416-1769169416,1434146503.1769168,2026-01-23 11:56:57.021449 UTC,/,<360,,,Canada,Ontario,desktop,Macintosh,Chrome
62345300.1769202344-1769202344,62345300.17692024,2026-01-23 21:05:44.423241 UTC,/,<360,,,Canada,Ontario,desktop,Macintosh,Chrome
280374463.1769508934-1769508933,280374463.1769509,2026-01-27 10:15:33.849727 UTC,/,<360,,,Canada,Ontario,mobile,iOS,Safari
1913726064.1769507680-1769507679,1913726064.1769507,2026-01-27 09:54:39.725442 UTC,/,<360,,,Canada,Ontario,mobile,iOS,Safari
1754611792.1769507260-1769507260,1754611792.1769507,2026-01-27 09:47:40.384774 UTC,/,<360,,,Canada,Ontario,mobile,iOS,Safari
1706935821.1769170176-1769170176,1706935821.176917,2026-01-23 12:09:36.756433 UTC,/,<360,,,Canada,Ontario,desktop,Macintosh,Chrome
1499438787.1769172272-1769172272,1499438787.1769173,2026-01-23 12:44:32.506759 UTC,/,<360,,,Canada,Ontario,desktop,Macintosh,Chrome
1394964710.1769508775-1769508774,1394964710.1769507,2026-01-27 10:12:54.747827 UTC,/,<360,,,Canada,Ontario,mobile,iOS,Safari
1640619998.1769180783-1769180783,1640619998.176918,2026-01-23 15:06:23.544379 UTC,/,<360,,,Canada,Ontario,desktop,Macintosh,Chrome
948761703.1769165573-1769165573,948761703.1769165,2026-01-23 10:52:53.706388 UTC,/,<360,,,Canada,Ontario,desktop,Macintosh,Chrome
1677600279.1769181188-1769181187,1677600279.176918,2026-01-23 15:13:07.854232 UTC,/,<360,,,Canada,Ontario,desktop,Macintosh,Chrome
494365807.1769185732-1769185732,494365807.17691857,2026-01-23 16:28:52.390741 UTC,/,<360,,,Canada,Ontario,desktop,Macintosh,Chrome
8354585.1769508623-1769508622,8354585.176950863,2026-01-27 10:10:23.046156 UTC,/,<360,,,Canada,Ontario,mobile,iOS,Safari
758118618.1769203843-1769213716,758118618.1769203,2026-01-24 00:15:16.202803 UTC,/,<360,,,Canada,Ontario,desktop,Macintosh,Chrome
849455741.1769165557-1769180061,849455741.1769165,2026-01-23 14:54:21.551822 UTC,/,<360,,,Canada,Ontario,desktop,Macintosh,Chrome
1815757594.1769165538-1769177546,1815757594.1769164,2026-01-23 14:12:26.463511 UTC,/,<360,,,Canada,Ontario,desktop,Macintosh,Chrome
1241303565.1769212227-1769212227,1241303565.1769211,2026-01-23 23:50:27.601648 UTC,/,<360,,,Canada,Ontario,desktop,Macintosh,Chrome
777444329.1769174722-1769174721,777444329.1769174,2026-01-23 13:25:22.222147 UTC,/,>=768,,,Canada,Ontario,desktop,Macintosh,Chrome
1068675940.1769167196-1769167196,1068675940.1769168,2026-01-23 11:19:56.669910 UTC,/,>=768,,,Canada,Ontario,desktop,Macintosh,Chrome
1833988998.1768880128-1769512967,1833988998.176888,2026-01-27 11:22:47.419500 UTC,/,>=768,,,Canada,Ontario,desktop,Macintosh,Chrome
964574651.1769516235-1769516235,964574651.1769516,2026-01-27 12:17:15.157096 UTC,/,>=768,,,Canada,Ontario,desktop,Macintosh,Chrome
1188310429.1769508676-1769508675,1188310429.1769507,2026-01-27 10:11:15.857554 UTC,/,>=768,,,Canada,Ontario,desktop,Macintosh,Chrome
1624978052.1769147636-1769155076,1624978052.1769147,2026-01-23 07:57:56.511767 UTC,/,>=768,,,Canada,Ontario,desktop,Macintosh,Chrome
1255527344.1769166912-1769166911,1255527344.1769166,2026-01-23 11:15:12.370659 UTC,/,>=768,,,Canada,Ontario,desktop,Macintosh,Chrome
1489175257.1769508536-1769508535,1489175257.1769507,2026-01-27 10:08:56.116688 UTC,/,>=768,,,Canada,Ontario,desktop,Macintosh,Chrome
122217374.1769209813-1769209813,122217374.17692098,2026-01-23 23:10:13.454408 UTC,/,>=768,,,Canada,Ontario,desktop,Macintosh,Chrome
1306000503.1769181278-1769181277,1306000503.176918,2026-01-23 15:14:38.014541 UTC,/,>=768,,,Canada,Ontario,desktop,Macintosh,Chrome
1349121185.1769204419-1769204418,1349121185.1769204,2026-01-23 21:40:19.021081 UTC,/,>=768,,,Canada,Ontario,desktop,Macintosh,Chrome
1815757594.1769165538-1769173517,1815757594.1769164,2026-01-23 13:05:17.848640 UTC,/,>=768,,,Canada,Ontario,desktop,Macintosh,Chrome
1833988998.1768880128-1769506834,1833988998.176888,2026-01-27 09:40:35.211420 UTC,/,>=768,,,Canada,Ontario,desktop,Macintosh,Chrome
124251872.1769174404-1769174403,124251872.17691743,2026-01-23 13:20:04.056959 UTC,/,>=768,,,Canada,Ontario,desktop,Macintosh,Chrome
363528488.1769211859-1769211859,363528488.1769212,2026-01-23 23:44:19.267235 UTC,/,>=768,,,Canada,Ontario,desktop,Macintosh,Chrome
844699000.1769184096-1769184096,844699000.1769184,2026-01-23 16:01:36.740271 UTC,/,>=768,,,Canada,Ontario,desktop,Macintosh,Chrome
1537032099.1769511847-1769511847,1537032099.1769512,2026-01-27 11:04:07.236473 UTC,/,>=768,,,Canada,Ontario,desktop,Macintosh,Chrome
724833115.1769202629-1769202629,724833115.1769202,2026-01-23 21:10:29.297337 UTC,/,>=768,,,Canada,Ontario,desktop,Macintosh,Chrome
1278820219.1769206876-1769206875,1278820219.1769207,2026-01-23 22:21:15.814340 UTC,/,>=768,,,Canada,Ontario,desktop,Macintosh,Chrome
1118640494.1769511418-1769511418,1118640494.1769512,2026-01-27 10:56:58.271193 UTC,/,>=768,,,Canada,Ontario,desktop,Macintosh,Chrome
1534491158.1769516046-1769516046,1534491158.1769516,2026-01-27 12:14:06.206178 UTC,/,>=768,,,Canada,Ontario,desktop,Macintosh,Chrome
2074879243.1769211529-1769211529,2074879243.176921,2026-01-23 23:38:49.307602 UTC,/,>=768,,,Canada,Ontario,desktop,Macintosh,Chrome
1801701936.1769199430-1769199430,1801701936.17692,2026-01-23 20:17:10.722284 UTC,/,>=768,,,Canada,Ontario,desktop,Macintosh,Chrome
653774973.1769207126-1769207126,653774973.1769208,2026-01-23 22:25:26.336979 UTC,/,>=768,,,Canada,Ontario,desktop,Macintosh,Chrome
970678712.1769512562-1769512561,970678712.1769512,2026-01-27 11:16:01.896116 UTC,/,>=768,,,Canada,Ontario,desktop,Macintosh,Chrome
1378312327.1769208110-1769208110,1378312327.176921,2026-01-23 22:41:50.465123 UTC,/,>=768,,,Canada,Ontario,desktop,Macintosh,Chrome
45665029.1769179422-1769179421,45665029.17691793,2026-01-23 14:43:42.130615 UTC,/,>=768,,,Canada,Ontario,desktop,Macintosh,Chrome
92981408.1769167507-1769167506,92981408.17691676,2026-01-23 11:25:07.300773 UTC,/,>=768,,,Canada,Ontario,desktop,Macintosh,Chrome
2001623151.1769208208-1769208208,2001623151.176921,2026-01-23 22:43:28.220672 UTC,/,>=768,,,Canada,Ontario,desktop,Macintosh,Chrome
141885119.1769507248-1769507247,141885119.17695072,2026-01-27 09:47:27.915718 UTC,/,>=768,,,Canada,Ontario,desktop,Macintosh,Chrome
208729006.1769205650-1769205649,208729006.17692056,2026-01-23 22:00:49.926183 UTC,/,>=768,,,Canada,Ontario,desktop,Macintosh,Chrome
1555475258.1769515847-1769515846,1555475258.1769516,2026-01-27 12:10:46.960293 UTC,/,>=768,,,Canada,Ontario,desktop,Macintosh,Chrome
1833988998.1768880128-1769509432,1833988998.176888,2026-01-27 10:23:52.371391 UTC,/,>=768,,,Canada,Ontario,desktop,Macintosh,Chrome
564003902.1769182695-1769182694,564003902.1769183,2026-01-23 15:38:15.071101 UTC,/,>=768,,,Canada,Ontario,desktop,Macintosh,Chrome
1253308841.1769211556-1769211555,1253308841.1769211,2026-01-23 23:39:15.846772 UTC,/,>=768,,,Canada,Ontario,desktop,Macintosh,Chrome
125691040.1769182582-1769182582,125691040.17691824,2026-01-23 15:36:22.237551 UTC,/,>=768,,,Canada,Ontario,desktop,Macintosh,Chrome
1954717889.1769169828-1769169828,1954717889.1769168,2026-01-23 12:03:48.857474 UTC,/,>=768,,,Canada,Ontario,desktop,Macintosh,Chrome
1772644830.1769515949-1769515948,1772644830.1769516,2026-01-27 12:12:28.875204 UTC,/,>=768,,,Canada,Ontario,desktop,Macintosh,Chrome
1850793184.1769174388-1769174387,1850793184.1769173,2026-01-23 13:19:47.893728 UTC,/,>=768,,,Canada,Ontario,desktop,Macintosh,Chrome
1984588580.1769210686-1769210685,1984588580.176921,2026-01-23 23:24:45.762229 UTC,/,>=768,,,Canada,Ontario,desktop,Macintosh,Chrome
1754100422.1769181130-1769181129,1754100422.176918,2026-01-23 15:12:10.059407 UTC,/,>=768,,,Canada,Ontario,desktop,Macintosh,Chrome
1175692145.1769172072-1769172071,1175692145.1769173,2026-01-23 12:41:11.771380 UTC,/,>=768,,,Canada,Ontario,desktop,Macintosh,Chrome
1200546984.1769210705-1769210705,1200546984.176921,2026-01-23 23:25:05.321516 UTC,/,>=768,,,Canada,Ontario,desktop,Macintosh,Chrome
228358848.1769515943-1769515943,228358848.1769516,2026-01-27 12:12:23.468620 UTC,/,>=768,,,Canada,Ontario,desktop,Macintosh,Chrome
1997500899.1769511409-1769511408,1997500899.1769512,2026-01-27 10:56:49.013028 UTC,/,>=768,,,Canada,Ontario,desktop,Macintosh,Chrome
677068425.1769171560-1769171560,677068425.1769172,2026-01-23 12:32:40.813499 UTC,/,>=768,,,Canada,Ontario,desktop,Macintosh,Chrome
1771090595.1769178162-1769178161,1771090595.1769178,2026-01-23 14:22:41.941229 UTC,/,>=768,,,Canada,Ontario,desktop,Macintosh,Chrome
537799027.1769165566-1769174525,537799027.1769166,2026-01-23 13:22:05.284282 UTC,/,>=768,,,Canada,Ontario,desktop,Macintosh,Chrome
1675631641.1769214545-1769214545,1675631641.1769214,2026-01-24 00:29:05.418405 UTC,/,>=768,,,Canada,Ontario,desktop,Macintosh,Chrome
1546414363.1769203835-1769203835,1546414363.1769204,2026-01-23 21:30:35.676346 UTC,/,>=768,,,Canada,Ontario,desktop,Macintosh,Chrome
1646106168.1769516241-1769516240,1646106168.1769516,2026-01-27 12:17:20.774419 UTC,/,>=768,,,Canada,Ontario,desktop,Macintosh,Chrome
1684511208.1769508664-1769508663,1684511208.1769507,2026-01-27 10:11:04.003561 UTC,/,>=768,,,Canada,Ontario,desktop,Macintosh,Chrome
1833988998.1768880128-1769147505,1833988998.176888,2026-01-23 05:51:45.701439 UTC,/,>=768,,,Canada,Ontario,desktop,Macintosh,Chrome
898380647.1769185530-1769185530,898380647.1769185,2026-01-23 16:25:30.521649 UTC,/,>=768,,,Canada,Ontario,desktop,Macintosh,Chrome
1624978052.1769147636-1769147636,1624978052.1769147,2026-01-23 05:53:56.293822 UTC,/,>=768,,,Canada,Ontario,desktop,Macintosh,Chrome
1833988998.1768880128-1769250043,1833988998.176888,2026-01-24 10:20:43.522148 UTC,/,>=768,,,Canada,Ontario,desktop,Macintosh,Chrome
871607597.1769183718-1769183718,871607597.1769183,2026-01-23 15:55:18.269816 UTC,/,>=768,,,Canada,Ontario,desktop,Macintosh,Chrome
1826240496.1769201193-1769201192,1826240496.17692,2026-01-23 20:46:33.073647 UTC,/,>=768,,,Canada,Ontario,desktop,Macintosh,Chrome
2075960171.1769213469-1769213469,2075960171.1769211,2026-01-24 00:11:09.398755 UTC,/,>=768,,,Canada,Ontario,desktop,Macintosh,Chrome
415293761.1769515218-1769515218,415293761.1769515,2026-01-27 12:00:18.408646 UTC,/,>=768,,,Canada,Ontario,desktop,Macintosh,Chrome
1205237522.1769516252-1769516251,1205237522.1769516,2026-01-27 12:17:31.892685 UTC,/,>=768,,,Canada,Ontario,desktop,Macintosh,Chrome
1846996499.1769515835-1769515834,1846996499.1769516,2026-01-27 12:10:35.122663 UTC,/,>=768,,,Canada,Ontario,desktop,Macintosh,Chrome
1683139644.1769506866-1769506866,1683139644.1769507,2026-01-27 09:41:06.423420 UTC,/,>=768,,,Canada,Ontario,desktop,Macintosh,Chrome
286872862.1769185779-1769185779,286872862.17691857,2026-01-23 16:29:39.670996 UTC,/,>=768,,,Canada,Ontario,desktop,Macintosh,Chrome
1208753438.1769175524-1769175523,1208753438.1769176,2026-01-23 13:38:43.823834 UTC,/,>=768,,,Canada,Ontario,desktop,Macintosh,Chrome
774235790.1769515849-1769515848,774235790.1769516,2026-01-27 12:10:48.980636 UTC,/,>=768,,,Canada,Ontario,desktop,Macintosh,Chrome
1707617767.1769507683-1769507682,1707617767.1769507,2026-01-27 09:54:43.101066 UTC,/,>=768,,,Canada,Ontario,desktop,Macintosh,Chrome
1968124367.1769516777-1769516776,1968124367.176952,2026-01-27 12:26:16.839316 UTC,/,>=768,,,Canada,Ontario,desktop,Macintosh,Chrome
1712255722.1769514750-1769514750,1712255722.1769514,2026-01-27 11:52:30.464834 UTC,/,>=768,,,Canada,Ontario,desktop,Macintosh,Chrome
637941869.1769506876-1769506876,637941869.1769507,2026-01-27 09:41:16.277078 UTC,/,>=768,,,Canada,Ontario,desktop,Macintosh,Chrome
182537731.1769179313-1769179312,182537731.17691797,2026-01-23 14:41:53.199993 UTC,/,>=768,,,Canada,Ontario,desktop,Macintosh,Chrome
168754475.1769198669-1769198669,168754475.17691985,2026-01-23 20:04:29.148294 UTC,/,>=768,,,Canada,Ontario,desktop,Macintosh,Chrome
948761703.1769165573-1769182206,948761703.1769165,2026-01-23 15:30:07.139060 UTC,/,>=768,,,Canada,Ontario,desktop,Macintosh,Chrome
63157545.1769511823-1769511822,63157545.176951185,2026-01-27 11:03:42.706956 UTC,/,>=768,,,Canada,Ontario,desktop,Macintosh,Chrome
1539060319.1769516485-1769516484,1539060319.1769516,2026-01-27 12:21:25.437005 UTC,/,>=768,,,Canada,Ontario,desktop,Macintosh,Chrome
1833988998.1768880128-1769162284,1833988998.176888,2026-01-23 09:58:05.066450 UTC,/,>=768,,,Canada,Ontario,desktop,Macintosh,Chrome
506474048.1769169352-1769169351,506474048.1769169,2026-01-23 11:55:52.356081 UTC,/,>=768,,,Canada,Ontario,desktop,Macintosh,Chrome
680815772.1769514777-1769514776,680815772.1769514,2026-01-27 11:52:57.000653 UTC,/,>=768,,,Canada,Ontario,desktop,Macintosh,Chrome
849455741.1769165557-1769176441,849455741.1769165,2026-01-23 13:54:01.491462 UTC,/,>=768,,,Canada,Ontario,desktop,Macintosh,Chrome
2091095278.1769506921-1769506920,2091095278.1769505,2026-01-27 09:42:00.796232 UTC,/,>=768,,,Canada,Ontario,desktop,Macintosh,Chrome
1127014069.1769178381-1769178380,1127014069.1769178,2026-01-23 14:26:21.103236 UTC,/,>=768,,,Canada,Ontario,desktop,Macintosh,Chrome
652649645.1769180894-1769180893,652649645.176918,2026-01-23 15:08:13.977882 UTC,/,>=768,,,Canada,Ontario,desktop,Macintosh,Chrome
1833988998.1768880128-1769154961,1833988998.176888,2026-01-23 07:56:01.927137 UTC,/,>=768,,,Canada,Ontario,desktop,Macintosh,Chrome
1573815492.1769182303-1769182303,1573815492.1769183,2026-01-23 15:31:43.543299 UTC,/,>=768,,,Canada,Ontario,desktop,Macintosh,Chrome
1002196564.1769516537-1769516536,1002196564.1769516,2026-01-27 12:22:16.733326 UTC,/,>=768,,,Canada,Ontario,desktop,Macintosh,Chrome
2131800023.1769516792-1769516791,2131800023.176952,2026-01-27 12:26:32.060706 UTC,/,>=768,,,Canada,Ontario,desktop,Macintosh,Chrome
1641188416.1769178201-1769178200,1641188416.1769178,2026-01-23 14:23:20.680379 UTC,/,>=768,,,Canada,Ontario,desktop,Macintosh,Chrome
1618063326.1769200126-1769200125,1618063326.17692,2026-01-23 20:28:46.232500 UTC,/,>=768,,,Canada,Ontario,desktop,Macintosh,Chrome
1368115873.1769515289-1769515289,1368115873.1769516,2026-01-27 12:01:29.941832 UTC,/,>=768,,,Canada,Ontario,desktop,Macintosh,Chrome
1624978052.1769147636-1769152755,1624978052.1769147,2026-01-23 07:19:15.480157 UTC,/,>=768,,,Canada,Ontario,desktop,Macintosh,Chrome
2125280925.1769213310-1769213310,2125280925.1769211,2026-01-24 00:08:30.258086 UTC,/,>=768,,,Canada,Ontario,desktop,Macintosh,Chrome
1063681605.1769512365-1769512364,1063681605.1769512,2026-01-27 11:12:44.807778 UTC,/,>=768,,,Canada,Ontario,desktop,Macintosh,Chrome
745173256.1769508524-1769508524,745173256.1769507,2026-01-27 10:08:44.669500 UTC,/,>=768,,,Canada,Ontario,desktop,Macintosh,Chrome
359136916.1769170903-1769170903,359136916.1769171,2026-01-23 12:21:43.769424 UTC,/,>=768,,,Canada,Ontario,desktop,Macintosh,Chrome
1835396506.1769508505-1769508505,1835396506.1769507,2026-01-27 10:08:25.389843 UTC,/,>=768,,,Canada,Ontario,desktop,Macintosh,Chrome
1185492441.1769214419-1769214419,1185492441.1769214,2026-01-24 00:26:59.420889 UTC,/,>=768,,,Canada,Ontario,desktop,Macintosh,Chrome
893017829.1769507426-1769507426,893017829.1769507,2026-01-27 09:50:26.545746 UTC,/,>=768,,,Canada,Ontario,desktop,Macintosh,Chrome
975547032.1769203840-1769210145,975547032.1769203,2026-01-23 23:15:45.241670 UTC,/,>=768,,,Canada,Ontario,desktop,Macintosh,Chrome
605763503.1769212792-1769212791,605763503.1769212,2026-01-23 23:59:52.045719 UTC,/,>=768,,,Canada,Ontario,desktop,Macintosh,Chrome
1690027718.1769171046-1769171046,1690027718.1769173,2026-01-23 12:24:06.471612 UTC,/,>=768,,,Canada,Ontario,desktop,Macintosh,Chrome
580491815.1769197885-1769197885,580491815.1769198,2026-01-23 19:51:25.184981 UTC,/,>=768,,,Canada,Ontario,desktop,Macintosh,Chrome
682331395.1769517769-1769528652,682331395.1769518,2026-01-27 15:44:12.309121 UTC,/,>=768,1280x720,desktop,Canada,Ontario,desktop,Macintosh,Chrome
1713600188.1769540364-1769540364,1713600188.176954,2026-01-27 18:59:24.495318 UTC,/,>=768,1280x720,desktop,Canada,Ontario,desktop,Macintosh,Chrome
2013144899.1769517745-1769537093,2013144899.176952,2026-01-27 18:04:53.981578 UTC,/,>=768,1280x720,desktop,Canada,Ontario,desktop,Macintosh,Chrome
2013144899.1769517745-1769534771,2013144899.176952,2026-01-27 17:26:11.404487 UTC,/,>=768,1280x720,desktop,Canada,Ontario,desktop,Macintosh,Chrome
3426517.1769526956-1769526956,3426517.176952696,2026-01-27 15:15:56.697503 UTC,/,>=768,1280x720,desktop,Canada,Ontario,desktop,Macintosh,Chrome
1091408006.1769535263-1769535262,1091408006.1769536,2026-01-27 17:34:23.088153 UTC,/,>=768,1280x720,desktop,Canada,Ontario,desktop,Macintosh,Chrome
569738841.1769547730-1769547730,569738841.1769547,2026-01-27 21:02:10.308370 UTC,/,>=768,1280x720,desktop,Canada,Ontario,desktop,Macintosh,Chrome
1744433208.1769543478-1769543478,1744433208.1769545,2026-01-27 19:51:18.459772 UTC,/,>=768,1280x720,desktop,Canada,Ontario,desktop,Macintosh,Chrome
177919153.1769519593-1769519593,177919153.17695197,2026-01-27 13:13:13.457335 UTC,/,>=768,1280x720,desktop,Canada,Ontario,desktop,Macintosh,Chrome
1896969388.1769553588-1769553588,1896969388.1769557,2026-01-27 22:39:48.520731 UTC,/,>=768,1280x720,desktop,Canada,Ontario,desktop,Macintosh,Chrome
31493233.1769536187-1769536186,31493233.176953617,2026-01-27 17:49:47.012188 UTC,/,>=768,1280x720,desktop,Canada,Ontario,desktop,Macintosh,Chrome
1641461007.1769517770-1769537039,1641461007.1769516,2026-01-27 18:04:00.001820 UTC,/,>=768,1280x720,desktop,Canada,Ontario,desktop,Macintosh,Chrome
1641461007.1769517770-1769527388,1641461007.1769516,2026-01-27 15:23:09.107288 UTC,/,>=768,1280x720,desktop,Canada,Ontario,desktop,Macintosh,Chrome
1881508095.1769538773-1769538773,1881508095.1769536,2026-01-27 18:32:53.341312 UTC,/,>=768,1280x720,desktop,Canada,Ontario,desktop,Macintosh,Chrome
1878054130.1769540143-1769540143,1878054130.176954,2026-01-27 18:55:43.479535 UTC,/,>=768,1280x720,desktop,Canada,Ontario,desktop,Macintosh,Chrome
1432644201.1769524346-1769524345,1432644201.1769524,2026-01-27 14:32:26.237003 UTC,/,>=768,1280x720,desktop,Canada,Ontario,desktop,Macintosh,Chrome
81532047.1769536061-1769536060,81532047.1769536,2026-01-27 17:47:40.841434 UTC,/,>=768,1280x720,desktop,Canada,Ontario,desktop,Macintosh,Chrome
1629778123.1769550244-1769550243,1629778123.176955,2026-01-27 21:44:04.283574 UTC,/,>=768,1280x720,desktop,Canada,Ontario,desktop,Macintosh,Chrome
2104582196.1769533690-1769533689,2104582196.1769533,2026-01-27 17:08:10.215587 UTC,/,>=768,1280x720,desktop,Canada,Ontario,desktop,Macintosh,Chrome
768845185.1769544890-1769544890,768845185.1769545,2026-01-27 20:14:50.424491 UTC,/,>=768,1280x720,desktop,Canada,Ontario,desktop,Macintosh,Chrome
1396910764.1769534973-1769534973,1396910764.1769533,2026-01-27 17:29:33.520793 UTC,/,>=768,1280x720,desktop,Canada,Ontario,desktop,Macintosh,Chrome
1641461007.1769517770-1769540018,1641461007.1769516,2026-01-27 18:53:39.158519 UTC,/,>=768,1280x720,desktop,Canada,Ontario,desktop,Macintosh,Chrome
682331395.1769517769-1769534723,682331395.1769518,2026-01-27 17:25:23.931569 UTC,/,>=768,1280x720,desktop,Canada,Ontario,desktop,Macintosh,Chrome
1189355978.1769542156-1769542155,1189355978.1769543,2026-01-27 19:29:15.754468 UTC,/,>=768,1280x720,desktop,Canada,Ontario,desktop,Macintosh,Chrome
1495633794.1769524098-1769524098,1495633794.1769524,2026-01-27 14:28:18.284251 UTC,/,>=768,1280x720,desktop,Canada,Ontario,desktop,Macintosh,Chrome
1855610156.1769543634-1769543633,1855610156.1769545,2026-01-27 19:53:54.054194 UTC,/,>=768,1280x720,desktop,Canada,Ontario,desktop,Macintosh,Chrome
531065886.1769545136-1769545135,531065886.1769545,2026-01-27 20:18:55.982030 UTC,/,>=768,1280x800,tablet,Canada,Ontario,desktop,Macintosh,Chrome
618581068.1769553392-1769553391,618581068.1769552,2026-01-27 22:36:32.238623 UTC,/,>=768,1280x800,tablet,Canada,Ontario,desktop,Macintosh,Chrome
495303373.1769550080-1769550079,495303373.17695504,2026-01-27 21:41:19.962002 UTC,/,>=768,1280x800,tablet,Canada,Ontario,desktop,Macintosh,Chrome
490436320.1769533888-1769533888,490436320.1769534,2026-01-27 17:11:28.468344 UTC,/,>=768,1280x800,tablet,Canada,Ontario,desktop,Macintosh,Chrome
875926662.1769534738-1769534738,875926662.1769534,2026-01-27 17:25:38.532590 UTC,/,>=768,1280x800,tablet,Canada,Ontario,desktop,Macintosh,Chrome
1712912575.1769517746-1769539367,1712912575.1769516,2026-01-27 18:42:47.611686 UTC,/,>=768,1280x800,tablet,Canada,Ontario,desktop,Macintosh,Chrome
1736111588.1769521814-1769521814,1736111588.176952,2026-01-27 13:50:14.257601 UTC,/,>=768,1280x800,tablet,Canada,Ontario,desktop,Macintosh,Chrome
1511642354.1769544825-1769544825,1511642354.1769545,2026-01-27 20:13:45.733692 UTC,/,>=768,1280x800,tablet,Canada,Ontario,desktop,Macintosh,Chrome
1289644372.1769538534-1769538533,1289644372.1769538,2026-01-27 18:28:53.891992 UTC,/,>=768,1280x800,tablet,Canada,Ontario,desktop,Macintosh,Chrome
43482501.1769517775-1769521972,43482501.17695177,2026-01-27 13:52:52.389772 UTC,/,>=768,1366x768,desktop,Canada,Ontario,desktop,Macintosh,Chrome
1440916682.1769520140-1769520139,1440916682.176952,2026-01-27 13:22:19.799102 UTC,/,>=768,1366x768,desktop,Canada,Ontario,desktop,Macintosh,Chrome
40377161.1769539780-1769539779,40377161.17695398,2026-01-27 18:49:40.048869 UTC,/,>=768,1366x768,desktop,Canada,Ontario,desktop,Macintosh,Chrome
1737453096.1769548249-1769548249,1737453096.1769547,2026-01-27 21:10:49.770679 UTC,/,>=768,1366x768,desktop,Canada,Ontario,desktop,Macintosh,Chrome
1431839526.1769533337-1769533337,1431839526.1769533,2026-01-27 17:02:17.788892 UTC,/,>=768,1366x768,desktop,Canada,Ontario,desktop,Macintosh,Chrome
1656169462.1769550468-1769550467,1656169462.176955,2026-01-27 21:47:48.352060 UTC,/,>=768,1366x768,desktop,Canada,Ontario,desktop,Macintosh,Chrome
2013144899.1769517745-1769549165,2013144899.176952,2026-01-27 21:26:05.338627 UTC,/,>=768,1366x768,desktop,Canada,Ontario,desktop,Macintosh,Chrome
49298926.1769552641-1769552640,49298926.17695526,2026-01-27 22:24:01.022222 UTC,/,>=768,1366x768,desktop,Canada,Ontario,desktop,Macintosh,Chrome
1090377016.1769539204-1769539204,1090377016.176954,2026-01-27 18:40:04.426076 UTC,/,>=768,1366x768,desktop,Canada,Ontario,desktop,Macintosh,Chrome
2110323186.1769541261-1769541261,2110323186.176954,2026-01-27 19:14:21.399334 UTC,/,>=768,1366x768,desktop,Canada,Ontario,desktop,Macintosh,Chrome
588863516.1769522131-1769522131,588863516.1769521,2026-01-27 13:55:31.681806 UTC,/,>=768,1366x768,desktop,Canada,Ontario,desktop,Macintosh,Chrome
43482501.1769517775-1769517774,43482501.17695177,2026-01-27 12:42:54.709434 UTC,/,>=768,1366x768,desktop,Canada,Ontario,desktop,Macintosh,Chrome
1883036943.1769543778-1769543778,1883036943.1769545,2026-01-27 19:56:18.400350 UTC,/,>=768,1366x768,desktop,Canada,Ontario,desktop,Macintosh,Chrome
1566346858.1769543482-1769543482,1566346858.1769545,2026-01-27 19:51:22.551201 UTC,/,>=768,1366x768,desktop,Canada,Ontario,desktop,Macintosh,Chrome
1833988998.1768880128-1769517667,1833988998.176888,2026-01-27 12:41:07.841058 UTC,/,>=768,1488x840,desktop,Canada,Ontario,desktop,Macintosh,Chrome
973380062.1769540086-1769540086,973380062.1769539,2026-01-27 18:54:46.331658 UTC,/,>=768,1536x864,desktop,Canada,Ontario,desktop,Macintosh,Chrome
1895245223.1769543066-1769543065,1895245223.1769545,2026-01-27 19:44:25.944991 UTC,/,>=768,1536x864,desktop,Canada,Ontario,desktop,Macintosh,Chrome
2049914493.1769549698-1769549698,2049914493.1769547,2026-01-27 21:34:58.721258 UTC,/,>=768,1536x864,desktop,Canada,Ontario,desktop,Macintosh,Chrome
605976856.1769539814-1769539814,605976856.176954,2026-01-27 18:50:14.499941 UTC,/,>=768,1536x864,desktop,Canada,Ontario,desktop,Macintosh,Chrome
2013144899.1769517745-1769551745,2013144899.176952,2026-01-27 22:09:05.398625 UTC,/,>=768,1536x864,desktop,Canada,Ontario,desktop,Macintosh,Chrome
763984270.1769542055-1769542055,763984270.1769543,2026-01-27 19:27:35.508493 UTC,/,>=768,1536x864,desktop,Canada,Ontario,desktop,Macintosh,Chrome
241349400.1769521888-1769521888,241349400.17695215,2026-01-27 13:51:28.398396 UTC,/,>=768,1536x864,desktop,Canada,Ontario,desktop,Macintosh,Chrome
1641461007.1769517770-1769523318,1641461007.1769516,2026-01-27 14:15:18.725369 UTC,/,>=768,1536x864,desktop,Canada,Ontario,desktop,Macintosh,Chrome
436154505.1769519892-1769519892,436154505.176952,2026-01-27 13:18:12.524526 UTC,/,>=768,1536x864,desktop,Canada,Ontario,desktop,Macintosh,Chrome
620421130.1769527406-1769527406,620421130.1769528,2026-01-27 15:23:26.270713 UTC,/,>=768,1536x864,desktop,Canada,Ontario,desktop,Macintosh,Chrome
15046271.1769532196-1769532196,15046271.17695322,2026-01-27 16:43:16.741224 UTC,/,>=768,1536x864,desktop,Canada,Ontario,desktop,Macintosh,Chrome
1262120529.1769549106-1769549106,1262120529.1769547,2026-01-27 21:25:06.396699 UTC,/,>=768,1536x864,desktop,Canada,Ontario,desktop,Macintosh,Chrome
1613481717.1769528542-1769528542,1613481717.1769528,2026-01-27 15:42:22.393967 UTC,/,>=768,1536x864,desktop,Canada,Ontario,desktop,Macintosh,Chrome
2013144899.1769517745-1769523256,2013144899.176952,2026-01-27 14:14:16.266602 UTC,/,>=768,1536x864,desktop,Canada,Ontario,desktop,Macintosh,Chrome
1078758721.1769538418-1769538417,1078758721.1769538,2026-01-27 18:26:58.002644 UTC,/,>=768,1920x1080,desktop,Canada,Ontario,desktop,Macintosh,Chrome
699212136.1769547295-1769547294,699212136.1769547,2026-01-27 20:54:55.048230 UTC,/,>=768,1920x1080,desktop,Canada,Ontario,desktop,Macintosh,Chrome
1927825492.1769517928-1769517928,1927825492.176952,2026-01-27 12:45:28.356681 UTC,/,>=768,1920x1080,desktop,Canada,Ontario,desktop,Macintosh,Chrome
798174309.1769545220-1769545220,798174309.1769545,2026-01-27 20:20:20.411605 UTC,/,>=768,1920x1080,desktop,Canada,Ontario,desktop,Macintosh,Chrome
1614700658.1769518389-1769530553,1614700658.176952,2026-01-27 16:15:54.224529 UTC,/,>=768,1920x1080,desktop,Canada,Ontario,desktop,Macintosh,Chrome
1731903835.1769544727-1769544727,1731903835.1769545,2026-01-27 20:12:07.626928 UTC,/,>=768,1920x1080,desktop,Canada,Ontario,desktop,Macintosh,Chrome
835344134.1769534795-1769534794,835344134.1769534,2026-01-27 17:26:35.323186 UTC,/,>=768,1920x1080,desktop,Canada,Ontario,desktop,Macintosh,Chrome
1636672550.1769517742-1769517742,1636672550.1769516,2026-01-27 12:42:22.493469 UTC,/,>=768,1920x1080,desktop,Canada,Ontario,desktop,Macintosh,Chrome
591413466.1769553485-1769553484,591413466.1769553,2026-01-27 22:38:05.195331 UTC,/,>=768,1920x1080,desktop,Canada,Ontario,desktop,Macintosh,Chrome
1712912575.1769517746-1769543575,1712912575.1769516,2026-01-27 19:52:55.475360 UTC,/,>=768,1920x1080,desktop,Canada,Ontario,desktop,Macintosh,Chrome
1641461007.1769517770-1769531447,1641461007.1769516,2026-01-27 16:30:47.508592 UTC,/,>=768,1920x1080,desktop,Canada,Ontario,desktop,Macintosh,Chrome
65769239.1769553709-1769553708,65769239.176955365,2026-01-27 22:41:48.743566 UTC,/,>=768,1920x1080,desktop,Canada,Ontario,desktop,Macintosh,Chrome
1255513375.1769533968-1769533967,1255513375.1769533,2026-01-27 17:12:48.308023 UTC,/,>=768,1920x1080,desktop,Canada,Ontario,desktop,Macintosh,Chrome
1663639250.1769538391-1769538391,1663639250.1769538,2026-01-27 18:26:31.340568 UTC,/,>=768,768x1024,tablet,Canada,Ontario,desktop,Macintosh,Chrome
2040965727.1769530748-1769530748,2040965727.1769528,2026-01-27 16:19:08.510362 UTC,/,>=768,768x1024,tablet,Canada,Ontario,desktop,Macintosh,Chrome
43482501.1769517775-1769537755,43482501.17695177,2026-01-27 18:15:56.230372 UTC,/,>=768,768x1024,tablet,Canada,Ontario,desktop,Macintosh,Chrome
781608425.1769529269-1769529268,781608425.176953,2026-01-27 15:54:29.048789 UTC,/,>=768,768x1024,tablet,Canada,Ontario,desktop,Macintosh,Chrome
453189745.1769540863-1769540862,453189745.1769541,2026-01-27 19:07:43.139915 UTC,/,>=768,768x1024,tablet,Canada,Ontario,desktop,Macintosh,Chrome
682331395.1769517769-1769541256,682331395.1769518,2026-01-27 19:14:16.502011 UTC,/,>=768,768x1024,tablet,Canada,Ontario,desktop,Macintosh,Chrome
859098897.1769540766-1769540765,859098897.1769539,2026-01-27 19:06:05.976858 UTC,/,>=768,768x1024,tablet,Canada,Ontario,desktop,Macintosh,Chrome
296240772.1769549149-1769549148,296240772.17695487,2026-01-27 21:25:48.947168 UTC,/,>=768,800x1280,tablet,Canada,Ontario,desktop,Macintosh,Chrome
1712912575.1769517746-1769546218,1712912575.1769516,2026-01-27 20:36:59.010868 UTC,/,>=768,800x1280,tablet,Canada,Ontario,desktop,Macintosh,Chrome
1471342068.1769537742-1769537742,1471342068.1769536,2026-01-27 18:15:42.263865 UTC,/,>=768,800x1280,tablet,Canada,Ontario,desktop,Macintosh,Chrome
2056121890.1769516825-1769516825,2056121890.176952,2026-01-27 12:27:05.437005 UTC,/,>=768,800x1280,tablet,Canada,Ontario,desktop,Macintosh,Chrome
1199078256.1769549087-1769549086,1199078256.1769547,2026-01-27 21:24:46.994047 UTC,/,>=768,800x1280,tablet,Canada,Ontario,desktop,Macintosh,Chrome
1515418952.1769533589-1769533589,1515418952.1769533,2026-01-27 17:06:29.686380 UTC,/,>=768,800x1280,tablet,Canada,Ontario,desktop,Macintosh,Chrome
123208905.1769518313-1769518312,123208905.17695184,2026-01-27 12:51:52.726490 UTC,/,>=768,800x1280,tablet,Canada,Ontario,desktop,Macintosh,Chrome
1641461007.1769517770-1769517769,1641461007.1769516,2026-01-27 12:42:50.007726 UTC,/,>=768,820x1180,tablet,Canada,Ontario,desktop,Macintosh,Chrome
1644695144.1769547626-1769547626,1644695144.1769547,2026-01-27 21:00:26.296135 UTC,/,>=768,820x1180,tablet,Canada,Ontario,desktop,Macintosh,Chrome
1195992671.1769550956-1769550956,1195992671.176955,2026-01-27 21:55:56.626119 UTC,/,>=768,820x1180,tablet,Canada,Ontario,desktop,Macintosh,Chrome
2030346447.1769516797-1769516796,2030346447.176952,2026-01-27 12:26:36.812048 UTC,/,>=768,820x1180,tablet,Canada,Ontario,desktop,Macintosh,Chrome
1425677455.1769549392-1769549391,1425677455.1769547,2026-01-27 21:29:52.075871 UTC,/,>=768,820x1180,tablet,Canada,Ontario,desktop,Macintosh,Chrome
821540565.1769530512-1769530512,821540565.176953,2026-01-27 16:15:12.541901 UTC,/,>=768,820x1180,tablet,Canada,Ontario,desktop,Macintosh,Chrome
2044422781.1769528534-1769528533,2044422781.1769528,2026-01-27 15:42:14.191336 UTC,/,>=768,820x1180,tablet,Canada,Ontario,desktop,Macintosh,Chrome
